fork_url,created,updated
307509256/jetson-cloudnative-demo,,
AnbuKumar-maker/jetson-cloudnative-demo,,
andrewcheny/jetson-cloudnative-demo,,
bblwg2020/jetson-cloudnative-demo,,
bobby20180331/jetson-cloudnative-demo,,
Bvgo/jetson-cloudnative-demo,,
Chomolungma/jetson-cloudnative-demo,,
ClassNotDefined/jetson-cloudnative-demo,,
Cobionix/jetson-cloudnative-demo,,
DreamForTek/jetson-cloudnative-demo,,
evsenin/jetson-cloudnative-demo,,
ftsboss/jetson-cloudnative-demo,,
GaryHalo/jetson-cloudnative-demo,,
gilblankenship/jetson-cloudnative-demo,,
gyuseokByeon/jetson-cloudnative-demo,,
ianqnap/jetson-cloudnative-demo,,
isabella232/jetson-cloudnative-demo,,
JanetSe/jetson-cloudnative-demo,,
jingcosmos/jetson-cloudnative-demo,,
jmachuca77/jetson-cloudnative-demo,,
Jordanresearch/jetson-cloudnative-demo,,
land007/jetson-cloudnative-demo,,
mailyupeng/jetson-cloudnative-demo,,
msobreira27/jetson-cloudnative-demo,,
neuroidss/jetson-cloudnative-demo,,
OhHandsome/jetson-cloudnative-demo,,
PacificHongyang/jetson-cloudnative-demo,,
pguanhai/jetson-cloudnative-demo,,
PiseyYou/jetson-cloudnative-demo,,
robertdigital/jetson-cloudnative-demo,,
ruabliuqiu/jetson-cloudnative-demo,,
seccouser/jetson-cloudnative-demo,,
silenc3502/jetson-cloudnative-demo,,
snapbuy/jetson-cloudnative-demo,,
spatial-intelligence/jetson-cloudnative-demo,,
stevengit/jetson-cloudnative-demo,,
SunWei-1751206/jetson-cloudnative-demo,,
todaysky1234/jetson-cloudnative-demo,,
TuskAW/jetson-cloudnative-demo,,
unitypetefromlondon/jetson-cloudnative-demo,,
wenjoyu/jetson-cloudnative-demo,,
wpf19911118/jetson-cloudnative-demo,,
zhangjiwei-japan/jetson-cloudnative-demo,,
AdamMiltonBarker/HIAS,,
amirunpri2018/HIAS,,
Anoop14591/HIAS,,
aria1991/HIAS,,
avi33tbtt/HIAS,,
jlopezalo/HIAS,,
majedrifat/HIAS,,
Nitin-Mane/HIAS,,
richiejeremiah/HIAS,,
Specktroman/HIAS,,
Techspire/HIAS,,
4vikt/rdbox,,
AlexandreBarral/rdbox,,
awsassets/rdbox,,
Bdjdsv74/rdbox,,
Zvshda632/rdbox,,
casimirrex/rdbox,,
cloud-robotics/rdbox,,
cozy884/rdbox,,
fudekun/rdbox,,
fukuta-tatsuya-intec/rdbox,,
GertKanter/rdbox,,
grandeep/rdbox,,
hamkewl/rdbox,,
higuchi-toshio-intec/rdbox,,
horacezh/rdbox,,
intfrr/rdbox,,
JobsLj/rdbox,,
julian533/rdbox,,
keshava/rdbox,,
kfriesth/rdbox,,
kustomzone/rdbox,,
lijian8/rdbox,,
MERNKARIN/rdbox,,
ottonove/rdbox,,
oxidation99/rdbox,,
philipdongfei/rdbox,,
qinchao1985/rdbox,,
rdbox-bot/rdbox,,
saud5182/rdbox,,
sibafb/rdbox,,
TaiAreerob/rdbox,,
takasehideki/rdbox,,
TsukuyomiH2/rdbox,,
Tutorgaming/rdbox,,
zhangfaquan/rdbox,,
zs410612607/rdbox,,
0xC4SE/cotopaxi,,
5l1v3r1/cotopaxi,,
77clearlove/cotopaxi,,
adamhos/cotopaxi,,
add1ct3d/cotopaxi,,
ankurhcu/cotopaxi,,
asked637/cotopaxi,,
avineshwar/cotopaxi,,
awsassets/cotopaxi,,
barcating/cotopaxi,,
bedevilled00-tek/cotopaxi,,
channelvison/cotopaxi,,
chanyeol525/cotopaxi,,
cn0xroot/cotopaxi,,
cnxtech/cotopaxi,,
counterfeel/cotopaxi,,
cve-reporting/cotopaxi,,
derekchsantos/cotopaxi,,
erdx/cotopaxi,,
fabaff/cotopaxi,,
faculty12000/cotopaxi,,
FlaviuPopescu/cotopaxi,,
gavz/cotopaxi,,
Gh0st0ne/cotopaxi,,
gnebbia/cotopaxi,,
GuardianRG/cotopaxi,,
Hackinfinity/cotopaxi,,
henrydeng/cotopaxi,,
hobama/cotopaxi,,
hxlszxy/cotopaxi,,
HyperSoftw/cotopaxi,,
jarv-git/cotopaxi,,
jermainlaforce/cotopaxi,,
korallin/cotopaxi,,
liyansong2018/cotopaxi,,
ljh9248/cotopaxi,,
LordCasser/cotopaxi,,
MagicalSun/cotopaxi,,
Metabob-Axel-Py/cotopaxi,,
minkione/cotopaxi,,
mkopec3/cotopaxi,,
modulexcite/cotopaxi,,
mpetka/cotopaxi,,
n3m351d4/cotopaxi,,
arukaminado/cotopaxi,,
p0prxx/cotopaxi,,
Papadope-zz/cotopaxi,,
ph0eby/cotopaxi,,
PHPPlay/cotopaxi,,
poseidontrident/cotopaxi,,
ProjectZeroDays/cotopaxi,,
qweraqq/cotopaxi,,
r0secr01x/cotopaxi,,
rain6851/cotopaxi,,
rajivraj/cotopaxi,,
Riviera12345/cotopaxi,,
salecharohit/cotopaxi,,
satyendra22/cotopaxi,,
scamanderoffl/cotopaxi,,
sec99/cotopaxi,,
slowmistio/cotopaxi,,
Sts0mrg0/cotopaxi,,
SunBiffin/cotopaxi,,
sunkima/cotopaxi,,
techris45/cotopaxi,,
thisisfalcon/cotopaxi,,
Tim1512/cotopaxi,,
timb-machine-mirrors/cotopaxi,,
Wasforyou/cotopaxi,,
xsec-team/cotopaxi,,
yongyh/cotopaxi,,
yonichens/cotopaxi,,
yqyunjie/cotopaxi,,
Z3p5/cotopaxi,,
ziqi521/cotopaxi,,
1429837735/jetbot,,
18476200657/jetbot,,
2021-paper-fun/jetbot,,
2mauis/jetbot,,
3Driada/jetbot,,
666DZY666/jetbot,,
6edik/jetbot,,
a850874651/jetbot,,
aayn/jetbot,,
abhidakram/jetbot,,
abj456/jetbot,,
aboerzel/jetbot,,
abritten/jetbot,,
abuelgasimsaadeldin/jetbot,,
achew012/jetbot,,
AdityaStark7/jetbot,,
adrianstepienfsw/jetbot,,
afondiel/jetbot,,
ahestevenz/jetbot,,
ahn-github/jetbot,,
Ahrak/jetbot,,
aiegoo/jetbot,,
aileenZhang/jetbot,,
airkims/jetbot,,
aishraghavan/jetbot,,
ajadeyemo/jetbot,,
ajay7175/jetbot,,
akatsuking-202/jetbot,,
akilawickramasinghe/jetbot,,
alangchild/jetbot,,
alanyuchenhou/jetbot,,
aldenpower/jetbot,,
alessiomargan/jetbot,,
Alexious-sh/jetbot,,
alextien/jetbot,,
AlexYim623/jetbot,,
AlfredMadera/jetbot,,
alfredv23/jetbot,,
Allensmile/jetbot,,
AmaljithCf/jetbot,,
AmazingTang/jetbot,,
Amenhotep19/jetbot,,
Amir22010/jetbot,,
amostfa/jetbot,,
Anancha/jetbot,,
andromeida-maritime-solutions-pvt-ltd/jetbot,,
Andy-LZH/jetbot,,
Andychou007/jetbot,,
andyle0302/jetbot,,
AndyPorta/jetbot,,
AnesonTso/jetbot,,
anil-kk/jetbot,,
anishmprasad/jetbot,,
AnnoCheung/jetbot,,
anoochit/jetbot,,
anoopyear2020/jetbot,,
AntaresKwok/jetbot,,
AntHar/jetbot,,
anthrax007/jetbot,,
anu-bioinfo/jetbot,,
AOE-khkhan/jetbot,,
apple1987/jetbot,,
april-feichen/jetbot,,
ArghyaChatterjee/jetbot,,
Aristkj/jetbot,,
arizakevin/jetbot,,
Arslan-Z/jetbot,,
ARughani-Intrepid/jetbot,,
asabri97/jetbot,,
ashu1447/jetbot,,
Aslm/jetbot,,
assassin65170/jetbot,,
Av-nish/jetbot,,
avatar196kc/jetbot,,
avbdev/jetbot,,
AVJdataminer/jetbot,,
Aweozzz/jetbot,,
AwokeKnowing/jetbot,,
AXING620/jetbot,,
ayazhassan/jetbot,,
ayualy8/jetbot,,
aziizz/jetbot,,
b3540/jetbot,,
BabarAli088/jetbot,,
bactran1/jetbot,,
BadLuckpk/jetbot,,
balaprasanna/jetbot,,
banisadr/jetbot,,
baoyufuyou/jetbot,,
barcesat/jetbot,,
bartes1973/jetbot,,
basameera/jetbot,,
batermj/jetbot,,
bbaeten/jetbot,,
beemsoft/jetbot,,
bejerome/jetbot,,
beosro/jetbot,,
betty21c/jetbot,,
bezineb5/jetbot,,
bfYSKUY/jetbot,,
bgoh684/jetbot,,
bhaskar-glitch/jetbot,,
BhaskarTrivedi/jetbot,,
bheemaiaha/jetbot,,
BigtreeHsieh/jetbot,,
BillyGareth/jetbot,,
bir-robotic/jetbot,,
biskumar/jetbot,,
bitjockey42/jetbot,,
BJohn5on/jetbot,,
bkircher67/jetbot,,
BlackBloodE/jetbot,,
blensonpaul/jetbot,,
BobAfwata/jetbot,,
BobDeng1974/jetbot,,
bochuxt/jetbot,,
bonifasius-baskoro/jetbot,,
bramdvrepublic/jetbot,,
brianchilders/jetbot,,
brianlmerritt/jetbot,,
brianrtapia/jetbot,,
bromic007/jetbot,,
Bryantding/jetbot,,
c-FirstSecond-sharp/jetbot,,
CactusWang/jetbot,,
cadavidf/jetbot,,
cagataysari/jetbot,,
cagriy/jetbot,,
cansakirt/jetbot,,
Captluke2328/jetbot,,
carabob/jetbot,,
carmen-sc/jetbot,,
carteras/jetbot,,
cathayxzh/jetbot,,
cavedunissin/jetbot,,
cavonlee/jetbot,,
ccszwg/jetbot,,
Ceazer0123/jetbot,,
cgioia145/jetbot,,
chaiai/jetbot,,
challenzhou/jetbot,,
ChandanKSingh/jetbot,,
channgo2203/jetbot,,
Chen-Youhui/jetbot,,
ChiangFamily/jetbot,,
chitoku/jetbot,,
Chomolungma/jetbot,,
chriszhang528/jetbot,,
classicvalues/jetbot,,
cleardry/jetbot,,
cloudanalytics/jetbot,,
Cnys/jetbot,,
Cognitive-Modeller/jetbot,,
colabora001/jetbot,,
cookie-gky/jetbot,,
Cool-hand-Kyle/jetbot,,
CosmosHua/jetbot,,
cozzy133/jetbot,,
cqcqwind/jetbot,,
crisdeodates/jetbot,,
cryzhou/jetbot,,
CSTEZCAN/jetbot,,
csvance/jetbot,,
CullenDolan/jetbot,,
cuulee/jetbot,,
cybermascot/jetbot,,
d-h-k/jetbot,,
dabberd/jetbot,,
Daniel-1234567/jetbot,,
danielsiwiec/jetbot,,
danielwilczak101/jetbot,,
Danigy/jetbot,,
dashimaki360/jetbot,,
dataGeeek/jetbot,,
david987659/jetbot,,
davidadkins1/jetbot,,
davidbien/jetbot,,
Davidgoyh/jetbot,,
davidjun/jetbot,,
davidRetana/jetbot,,
oggata/jetbot,,
davod0401/jetbot,,
dbadb/jetbot,,
DCCTT/jetbot,,
dcoe7/jetbot,,
ddpruitt/jetbot,,
DeepLJoerg/jetbot,,
DeepNeuralAI/jetbot,,
dennis08/jetbot,,
dennisliuu/jetbot,,
dennisonlau/jetbot,,
DerWidder/jetbot,,
deskLEE/jetbot,,
desvelado/jetbot,,
DEVESHTARASIA/jetbot,,
DevSeq/jetbot,,
dewchae/jetbot,,
dhdez192/jetbot,,
dheng00/jetbot,,
DhilipBinny/jetbot,,
Dhiraj1107/jetbot,,
dhjmackay/jetbot,,
dingli125/jetbot,,
DingoOz/jetbot,,
dinngoman/jetbot,,
dmccreary/jetbot,,
dongf17/jetbot,,
dongfo/jetbot,,
dongst/jetbot,,
donwardpeng/jetbot,,
dormiy/jetbot,,
DorothysDad/jetbot,,
dotinoue/jetbot,,
DouglasPearless/jetbot,,
DPoPovski/jetbot,,
dreadlord1984/jetbot,,
droidiyann/jetbot,,
dsrc12/jetbot,,
Du-Sen-Lin/jetbot,,
ducat595/jetbot,,
dude123studios/jetbot,,
duozhang/jetbot,,
Duy254/jetbot,,
e1b16077/jetbot,,
ebuehrle/jetbot,,
EdSeymore/jetbot,,
ejunear/jetbot,,
Elives123/jetbot,,
Embodimentgeniuslm3/jetbot,,
Emmanuel-Ezenwere/jetbot,,
EnesiMe/jetbot,,
balu-lab/jetbot,,
enginBozkurt/jetbot,,
engineerxuchang/jetbot,,
ErickDiaz/jetbot,,
EricRohlfs/jetbot,,
EugenePig/jetbot,,
evgenek11/jetbot,,
FaBoPlatform/jetbot,,
0884-sasaharadaisuke/jetbot,,
katebrighteyes/jetbot,,
naisy/jetbot,,
FaizulHakim/jetbot,,
fallrisk/jetbot,,
fanxingrong/jetbot,,
fastref/jetbot,,
FatVoodoo/jetbot,,
Fe1ky/jetbot,,
feisuo/jetbot,,
FelixLinSY/jetbot,,
fengsiyu/jetbot,,
FENGZHANG123/jetbot,,
FerCabello14/jetbot,,
FernandoALima/jetbot,,
fernandozet/jetbot,,
fieraloca/jetbot,,
finemax/jetbot,,
finger563/jetbot,,
fitrialif/jetbot,,
fivefishstudios/jetbot,,
fjp/jetbot,,
fjpaxkm/jetbot,,
flashypepo/jetbot,,
Flavio58it/jetbot,,
ForeverDavid/jetbot,,
frank26080115/jetbot,,
FrankGaoX/jetbot,,
freddy2016/jetbot,,
freedragon/jetbot,,
fu11ji26/jetbot,,
FuhaoSun/jetbot,,
fuinha/jetbot,,
fvine/jetbot,,
fyzfx/jetbot,,
gangbanlau/jetbot,,
GangShao/jetbot,,
Gary0417/jetbot,,
GavinGaogao/jetbot,,
GengCauWong/jetbot,,
geoc1234/jetbot,,
george-hawkins/jetbot,,
Gewoo1996/jetbot,,
gezhengyy66/jetbot,,
ghzxw/jetbot,,
gilblankenship/jetbot,,
githubforever/jetbot,,
gizmohd/jetbot,,
glendaleonard/jetbot,,
gogo000/jetbot,,
greenfan/jetbot,,
greennote-inc/jetbot,,
gringer44/jetbot,,
Guanguanok/jetbot,,
guanliulong/jetbot,,
guochaodlnu/jetbot,,
guy9800/jetbot,,
gztok/jetbot,,
hailoclu/jetbot,,
jonslo/jetbot,,
hairong-wang/jetbot,,
haiyang-20160824/jetbot,,
Haiyang21/jetbot,,
hankchan/jetbot,,
hannaleeweb/jetbot,,
haomen/jetbot,,
HaooWang/jetbot,,
haoyuzhang89/jetbot,,
hape4e/jetbot,,
happymili/jetbot,,
harry201950/jetbot,,
HasanFarag/jetbot,,
Hatako/jetbot,,
hebskjcc/jetbot,,
heistera/jetbot,,
hello-carry/jetbot,,
hephaex/jetbot,,
Herolin12/jetbot,,
heyhey482/jetbot,,
hikkikuma/jetbot,,
hirotaka001/jetbot,,
hitmeok/jetbot,,
hlloydt2/jetbot,,
hlyu368/jetbot,,
HonestiCS/jetbot,,
hongcheng79/jetbot,,
HorusMaster/jetbot,,
hotpoor/jetbot,,
howard30814/jetbot,,
HowellYu/jetbot,,
HowieWang1/jetbot,,
hrb518/jetbot,,
huchunxu/jetbot,,
huerli/jetbot,,
huguensjean/jetbot,,
huizhang2017/jetbot,,
huoyo/jetbot,,
huxinda/jetbot,,
hx1520778196/jetbot,,
hyuk199/jetbot,,
hzp-hou/jetbot,,
i-sahajmistry/jetbot,,
IamKosta/jetbot,,
iamsingularity/jetbot,,
iamyubin/jetbot,,
icbob/jetbot,,
icesleeping/jetbot,,
Ich-bin-Schnappi/jetbot,,
igakilab/jetbot,,
igeeks/jetbot,,
IkerAzur/jetbot,,
immotors-hq/jetbot,,
inderpreet-forks/jetbot,,
IrenTang/jetbot,,
isaackay/jetbot,,
isabella232/jetbot,,
ishaadX/jetbot,,
ismail-30/jetbot,,
jacka654321/jetbot,,
JackHanUTSA/jetbot,,
Jackis007/jetbot,,
JaideepAher/jetbot,,
JamesRadtke-RedHat/jetbot,,
jarvisenlaura/jetbot,,
JasonYCY/jetbot,,
Jatm1019/jetbot,,
jaybdub/jetbot,,
JayCao7788/jetbot,,
jbasu2013/jetbot,,
JCStarry/jetbot,,
jdgalviss/jetbot,,
JenniferKuo/jetbot,,
JEONGHA-SHIN/jetbot,,
jerickpmontero/jetbot,,
jerwallace/jetbot,,
JessieCaroline/jetbot,,
jhezjkp/jetbot,,
jhmwalters/jetbot,,
jhonsmithy/jetbot,,
Jianlong0430/jetbot,,
jiaoly/jetbot,,
jijaraba/jetbot,,
Jimmy-INL/jetbot,,
JimmyKon/jetbot,,
jimoyam/jetbot,,
Jinny42/jetbot,,
jinshengye-git/jetbot,,
jlabonte1/jetbot,,
jlboyer/jetbot,,
jmachuca77/jetbot,,
jmikedupont2/jetbot,,
joepfortunato/jetbot,,
jogiji/jetbot,,
joker-wutong/jetbot,,
jokobaba/jetbot,,
JonBlanco11/jetbot,,
joradwen/jetbot,,
joshnah/jetbot,,
JoshSYoon/jetbot,,
JoshWorld/jetbot,,
journey175/jetbot,,
joypillai/jetbot,,
jpiat/jetbot,,
jsabby/jetbot,,
jspearus/jetbot,,
jtclo/jetbot,,
jtsc296/jetbot,,
JuinanCheng/jetbot,,
Juno119/jetbot,,
junsukim97/jetbot,,
jxlin/jetbot,,
jxnuzhangwen/jetbot,,
kaiyuryozin/jetbot,,
kalinuxboy/jetbot,,
karan-shah-25/jetbot,,
karstenkelm/jetbot,,
kasoarcat/jetbot,,
KazumiAdachi/jetbot,,
keep-steady/jetbot,,
keitaro-jet/jetbot,,
kensipe/jetbot,,
JIMMY-KSU/jetbot,,
KerronManwaring/jetbot,,
kevinNT2018/jetbot,,
kevinzjpeng/jetbot,,
kevywilly/jetbot,,
kfriendship/jetbot,,
Khwan7662/jetbot,,
KidMo0n/jetbot,,
Kim-JM-SKKU/jetbot,,
kimyeye/jetbot,,
KINGdotNET/jetbot,,
kitoborcom/jetbot,,
kjdnl/jetbot,,
kk2491/jetbot,,
kkmonster/jetbot,,
klsdjft/jetbot,,
knbz/jetbot,,
kobat7/jetbot,,
krazers/jetbot,,
kt-zhang/jetbot,,
kuonanhong/jetbot,,
kyllix/jetbot,,
kzt206/jetbot,,
LABIRAS/jetbot,,
lamapacos/jetbot,,
Lanh99/jetbot,,
lbaitemple/jetbot,,
lbmcu/jetbot,,
lchaves001/jetbot,,
ldw-sh-cn/jetbot,,
Ledx/jetbot,,
leewenqing/jetbot,,
lengkujiaai/jetbot,,
Leo-xxx/jetbot,,
Leonard-cpu/jetbot,,
lghgithub/jetbot,,
lhbzx1984/jetbot,,
liamhan0905/jetbot,,
LianQi-Kevin/jetbot,,
lift-zpz/jetbot,,
lilacbeauty/jetbot,,
ling3ye/jetbot,,
jimmylgq/jetbot,,
nigel327/jetbot,,
xiaoyandong08/jetbot,,
lingxiaiq/jetbot,,
littsk/jetbot,,
liubob-0/jetbot,,
liumarcus70s/jetbot,,
liurongfang/jetbot,,
liuwen-nj/jetbot,,
liwei-cn/jetbot,,
liwi163/jetbot,,
lixinswitchpi/jetbot,,
yfyf510/jetbot,,
lmirel/jetbot,,
logicraju/jetbot,,
lohitslohit/jetbot,,
LonelySqrt/jetbot,,
LongerVisionRobot/jetbot,,
Louque/jetbot,,
lovingyuan/jetbot,,
luaw2006/jetbot,,
lubocsu/jetbot,,
LuckySchwinning/jetbot,,
lukase/jetbot,,
lukaszwielgosz/jetbot,,
lukewebdev/jetbot,,
lupixi/jetbot,,
LvFaith/jetbot,,
lvyeshufang/jetbot,,
lwzbuaa/jetbot,,
m9122006/jetbot,,
Mahlzeit2000/jetbot,,
MaKaren/jetbot,,
makesth/jetbot,,
makezonefablab/jetbot,,
malithgallage/jetbot,,
manfermu86/jetbot,,
maohaihua/jetbot,,
marciopocebon/jetbot,,
MarcoVasquezE/jetbot,,
mariapaskevich/jetbot,,
markusbuchholz/jetbot,,
martinshuck/jetbot,,
masato-ka/jetbot,,
mateusz-kosior/jetbot,,
maxmar391/jetbot,,
mbah360/jetbot,,
mbencherif/jetbot,,
MCRIE/jetbot,,
mcx/jetbot,,
mdecourse/jetbot,,
MDkontroller/jetbot,,
me12b132/jetbot,,
mechovation/jetbot,,
mechwarriorbob/jetbot,,
Mental812/jetbot,,
merfnad/jetbot,,
MetrixLambert/jetbot,,
mfr78/jetbot,,
mhar-vell/jetbot,,
MiaoRain/jetbot,,
MichaelNewham/jetbot,,
michaleb/jetbot,,
miguelangelcasanova/jetbot,,
Milan-Chicago/jetbot,,
millionwan/jetbot,,
minai2020/jetbot,,
misk/jetbot,,
mkingopng/jetbot,,
mkleung-dev/jetbot,,
mksbala/jetbot,,
mlaprise/jetbot,,
mlghost/jetbot,,
moecarsdog/jetbot,,
moeinbaghery1/jetbot,,
MoJoMoon/jetbot,,
morristech/jetbot,,
mountain8848/jetbot,,
mrbenye/jetbot,,
MrYangzhi/jetbot,,
msaunby/jetbot,,
Mu23rad/jetbot,,
Must-ah/jetbot,,
mustang2247/jetbot,,
Mutsuto6210/jetbot,,
MyGitHubSite/jetbot,,
myhololens/jetbot,,
MyMX1213/jetbot,,
Mythili-pixel/jetbot,,
Naisars2001/jetbot,,
NamWoo/jetbot,,
nanotuxi/jetbot,,
narendraraj/jetbot,,
NCH-Dragonbolt/jetbot,,
neaueema/jetbot,,
neoengineer/jetbot,,
Newbie-Tom/jetbot,,
nghiajenius-dev/jetbot,,
nickzherdev/jetbot,,
NiteshDani/jetbot,,
NLGRF/jetbot,,
nlona/jetbot,,
noahschochet/jetbot,,
nosdivad0/jetbot,,
noviceprogrammer-jay/jetbot,,
NUELuno/jetbot,,
numinousmuses/jetbot,,
nv-cupright/jetbot,,
NVIDA-JetBot/jetbot,,
NVIDIA-Ken/jetbot,,
objectbuild/jetbot,,
ogis-yamagishi/jetbot,,
ek-whipper/jetbot,,
higobe1016/jetbot,,
KAZUKI0520/jetbot,,
Kozakai/jetbot,,
n-nitta/jetbot,,
twakaba3/jetbot,,
okDreamWalker/jetbot,,
oldfish007/jetbot,,
OldJohn86/jetbot,,
olzhas/jetbot,,
opuscctv/jetbot,,
Orangekostar/jetbot,,
oreineke/jetbot,,
OSSDC/jetbot,,
owahlen/jetbot,,
OwenLNUT/jetbot,,
ownery/jetbot,,
panda1100/jetbot,,
pango3001/jetbot,,
PappyMoelling/jetbot,,
paulblum/jetbot,,
pdx97/jetbot,,
peggypan0411/jetbot,,
peiswang/jetbot,,
pengguoguo/jetbot,,
perkinbr/jetbot,,
peterseverens/jetbot,,
PhilGlobal/jetbot,,
philippsaul/jetbot,,
phineco/jetbot,,
PhoenixTreeember/jetbot,,
pink0763/jetbot,,
pitipon/jetbot,,
pixel-perfect-metodology/jetbot,,
piyapsri/jetbot,,
pki1130/jetbot,,
pmgumble/jetbot,,
Poet-LiBai/jetbot,,
pongrut/jetbot,,
positronix-ai/jetbot,,
ppolnik/jetbot,,
Prakhar998/jetbot,,
prakit340/jetbot,,
Pranav-India/jetbot,,
protonyjh/jetbot,,
psnurhalim/jetbot,,
puttareddy/jetbot,,
pvbl/jetbot,,
pyaekyaw1571999/jetbot,,
Quant1766/jetbot,,
Quasimodo-Frank/jetbot,,
quilp007/jetbot,,
r1b4z01d/jetbot,,
r1cebank/jetbot,,
Rahul24-06/jetbot,,
Rakkame/jetbot,,
ramona1313/jetbot,,
ravish0007/jetbot,,
RayAerohygenx/jetbot,,
rayiik/jetbot,,
Rayn-Wu/jetbot,,
readcast/jetbot,,
renatogn/jetbot,,
resaP29/jetbot,,
retired123/jetbot,,
rhysdg/jetbot,,
ricktorzynski/jetbot,,
rifatafir/jetbot,,
rikirolly/jetbot,,
rivascf/jetbot,,
rmwilliamsjr/jetbot,,
robertchoi/jetbot,,
RobinDanz/jetbot,,
robopsi/jetbot,,
rob-opsi/jetbot,,
robotlinker/jetbot,,
RobotMo/jetbot,,
robottime/jetbot,,
rockets-cn/jetbot,,
rockwong66/jetbot,,
Rou-Yi/jetbot,,
RubinLiao/jetbot,,
Russ76/jetbot,,
ryanxie20091101/jetbot,,
s013mmb/jetbot,,
sai-prasanna/jetbot,,
sakae-og/jetbot,,
SakuraYanhuo/jetbot,,
sam1226/jetbot,,
SamedHira626/jetbot,,
sametucuncu/jetbot,,
samsafadi/jetbot,,
sangyy/jetbot,,
santaimpersonator/jetbot,,
sathyankrishnan/jetbot,,
savingtools/jetbot,,
sciencemike/jetbot,,
ScottMonaghan/jetbot,,
selfEVO/jetbot,,
senguptad/jetbot,,
shadyorg/jetbot,,
ShammiAnand/jetbot,,
shannonrobot/jetbot,,
shashanks1197/jetbot,,
ShawYN/jetbot,,
shdwdln/jetbot,,
shengchun/jetbot,,
ShinoharaTa/jetbot,,
Siddhartha-Addictive/jetbot,,
Sidney-Tan/jetbot,,
silentwater/jetbot,,
Silicon-Box/jetbot,,
simplified-ai/jetbot,,
sjhaiitd/jetbot,,
skalldri/jetbot,,
skarlsson/jetbot,,
slylockfox/jetbot,,
snapbuy/jetbot,,
SnowMasaya/jetbot,,
soerenbrockmann/jetbot,,
solid013/jetbot,,
SolidJoki/jetbot,,
song-df/jetbot,,
soony1234/jetbot,,
sparkfun/jetbot,,
guolinlyu/jetbot,,
Hoehlenbaer/jetbot,,
specialwarheads/jetbot,,
speed785/jetbot,,
splendidsummer/jetbot,,
sprenkle/jetbot,,
sriharshakondapalli/jetbot,,
SROX2018/jetbot,,
SRSchmittling/jetbot,,
ssghost/jetbot,,
st02/jetbot,,
star8vo/jetbot,,
starbike/jetbot,,
steffenteichmann/jetbot,,
stevelin168/jetbot,,
stevengit/jetbot,,
Stevengu999/jetbot,,
stevenlix/jetbot,,
storagejarett/jetbot,,
strivezh/jetbot,,
Stsuda-mcor/jetbot,,
suddulavenkatanaresh/jetbot,,
Suhuihui/jetbot,,
sunday-chenlu/jetbot,,
sunkwi/jetbot,,
superryanguo/jetbot,,
swanim/jetbot,,
swastik1308/jetbot,,
sxy641/jetbot,,
syaffa/jetbot,,
syou2020/jetbot,,
szaipcljl/jetbot,,
tabinfl/jetbot,,
tachi0707/jetbot,,
taeki404/jetbot,,
taisirou/jetbot,,
TakeoChan/jetbot,,
Tan-Wongsathon/jetbot,,
tannermcrae/jetbot,,
TebogoNakampe/jetbot,,
techmadot/jetbot,,
thatting/jetbot,,
the-code-chef/jetbot,,
TheCaster/jetbot,,
thecoderxman/jetbot,,
TheMrGhostman/jetbot,,
thenextsupersun/jetbot,,
theoilie/jetbot,,
thesammiller/jetbot,,
thisisfranny/jetbot,,
thiwankajayasiri/jetbot,,
ThomasDerZweifler/jetbot,,
THUrachel/jetbot,,
tianhaoyue/jetbot,,
tienhoangvan/jetbot,,
TingliangZhang/jetbot,,
Tiryoh/jetbot,,
tjp1940/jetbot,,
tkhan3/jetbot,,
tlim00/jetbot,,
tokk-nv/jetbot,,
oscsalga/jetbot,,
Tony0823/jetbot,,
Toplizhuo/jetbot,,
tranvietlong/jetbot,,
trevorrobertsjr/jetbot,,
trifygri/jetbot,,
tritonAI/jetbot,,
trungnhat-incoder/jetbot,,
tspannhw/jetbot,,
tsuixc/jetbot,,
tunedcoder/jetbot,,
TurnerCrane/jetbot,,
tutuxh/jetbot,,
txracing/jetbot,,
ugurcira/jetbot,,
ujjwalk/jetbot,,
unbug/jetbot,,
urvashiba/jetbot,,
USApp-io/jetbot,,
vamsirajendra/jetbot,,
varunkothamachu/jetbot,,
vasanthkashyap/jetbot,,
vbrichzin/jetbot,,
venki666/jetbot,,
Vernieface/jetbot,,
versavel/jetbot,,
VickyLeeLove/jetbot,,
VijayRameshkumar/jetbot,,
villesau/jetbot,,
vineet019/jetbot,,
viotemp1/jetbot,,
vivicoco/jetbot,,
vstoneofficial/jetbot,,
vuinguyen911/jetbot,,
vzhb/jetbot,,
wanglanrixitroy/jetbot,,
wangpuhk1/jetbot,,
wangyf123/jetbot,,
wangyingyu1969/jetbot,,
Waratep/jetbot,,
watcharabulsak/jetbot,,
watershade/jetbot,,
waveshare/jetbot,,
alex4men/jetbot,,
artint7/jetbot,,
chywoo/jetbot,,
deepaktalwardt/jetbot,,
dtoebe/jetbot,,
fiefdx/jetbot,,
GKbytes/jetbot,,
Haobot/jetbot,,
he-in/jetbot,,
HiroyasuNishiyama/jetbot,,
HLX-GitHub/jetbot,,
JamesKim-ai/jetbot,,
moonseobHwang/jetbot,,
openbsod/jetbot,,
Rope-master/jetbot,,
sibnick/jetbot,,
tanzhiqiang89/jetbot,,
teos0009/jetbot,,
UnitoX/jetbot,,
waduhekx/jetbot,,
Yarpii/jetbot,,
zsfarkas/jetbot,,
WayneMao/jetbot,,
waynewxm/jetbot,,
wenjoyu/jetbot,,
whans/jetbot,,
wharu/jetbot,,
whmzsu/jetbot,,
WhoseAI/jetbot,,
guoxinSLXC/jetbot,,
mtubpeng1/jetbot,,
sangyuxiaowu/jetbot,,
seemehowmuchiloveyou/jetbot,,
whplh/jetbot,,
whsair/jetbot,,
WilliamXXie/jetbot,,
WillWagnerIV/jetbot,,
Wisit/jetbot,,
wjyao/jetbot,,
woodymax/jetbot,,
woosaint/jetbot,,
wrbell/jetbot,,
wshusheng/jetbot,,
wzhangNEU/jetbot,,
xaviercallens/jetbot,,
XDUxuyuting/jetbot,,
xfyecn/jetbot,,
xiangzheng666/jetbot,,
xiaolai181/jetbot,,
xiaomifenghb/jetbot,,
xiaoni2009/jetbot,,
XiaoqingWang/jetbot,,
xiepan610/jetbot,,
xiyaoxin/jetbot,,
xlrobotics/jetbot,,
xufangda/jetbot,,
XuLei0314/jetbot,,
XuTangle/jetbot,,
xyu6/jetbot,,
yadukrishnanaj/jetbot,,
yanglipeng/jetbot,,
Yango4you/jetbot,,
yanlee0217/jetbot,,
YaoHuangHowdy/jetbot,,
yaohuic/jetbot,,
yarhoslavme/jetbot,,
yifenghuang/jetbot,,
YikunShen/jetbot,,
yildiraysabanci/jetbot,,
YousefMohassab/jetbot,,
YuanhuiHuang/jetbot,,
yucnet/jetbot,,
yueyedeai/jetbot,,
yuhouren/jetbot,,
yuki0083/jetbot,,
YukkyWorld777/jetbot,,
yukofuji/jetbot,,
YulinLi/jetbot,,
yunhuakeji/jetbot,,
YutingYao/jetbot,,
yuvan257/jetbot,,
yuyangd/jetbot,,
yyajima21/jetbot,,
yyang282/jetbot,,
yyget/jetbot,,
z14git/jetbot,,
zephyrdaz/jetbot,,
zeta1999/jetbot,,
zgsky/jetbot,,
zhang123helmut/jetbot,,
zhangk19/jetbot,,
zhangtao7750/jetbot,,
zhangwudisong/jetbot,,
zhilin0/jetbot,,
zhiwei2021/jetbot,,
zhixuedu/jetbot,,
zhj-buffer/jetbot,,
ZhongYang514/jetbot,,
zhounature/jetbot,,
ZhouYunMing/jetbot,,
zhujiwei0101/jetbot,,
zihui0325/jetbot,,
zshxie/jetbot,,
ZuyongWu/jetbot,,
zzjweb/jetbot,,
15906185391/Gesture-Recognition,,
Aiden-Wei/Gesture-Recognition,,
Amir22010/Gesture-Recognition,,
andudu/Gesture-Recognition,,
AOE-khkhan/Gesture-Recognition,,
arvind-india/Gesture-Recognition,,
azuredsky/Gesture-Recognition,,
bhardwajRahul/Gesture-Recognition,,
umunusb1/Gesture-Recognition,,
borongyuan/Gesture-Recognition,,
bromic007/Gesture-Recognition,,
chunyang-zhang/Gesture-Recognition,,
dahburj/Gesture-Recognition,,
Danigy/Gesture-Recognition,,
DeepDriving/Gesture-Recognition,,
Gaurav047/Gesture-Recognition,,
gsiogkas/Gesture-Recognition,,
heistera/Gesture-Recognition,,
hyzcn/Gesture-Recognition,,
isabella232/Gesture-Recognition,,
jackcn2004/Gesture-Recognition,,
JanetSe/Gesture-Recognition,,
Jasionkit/Gesture-Recognition,,
kaiziwang/Gesture-Recognition,,
lqchien/Gesture-Recognition,,
muhammadfraz/Gesture-Recognition,,
pingzhenyu/Gesture-Recognition,,
rex-yue-wu/Gesture-Recognition,,
robotlinker/Gesture-Recognition,,
savingtools/Gesture-Recognition,,
shayanrezvani/Gesture-Recognition,,
shuren007/Gesture-Recognition,,
tony109060581/Gesture-Recognition,,
ucrscholar/Gesture-Recognition,,
vineet019/Gesture-Recognition,,
wanglianglin/Gesture-Recognition,,
wzb1005/Gesture-Recognition,,
zlheos/Gesture-Recognition,,
zr940326/Gesture-Recognition,,
01001HR/redtail,,
18901180429/redtail,,
473867143/redtail,,
4n0nym1ty/redtail,,
aakarsh/redtail,,
abhishekjay/redtail,,
akatrevorjay/redtail,,
akonneker/redtail,,
Allenhanbo/redtail,,
alongqiyue/redtail,,
Alpslee/redtail,,
Amir22010/redtail,,
amiremadz/redtail,,
andrewraharjo/redtail,,
Andrey-Kovinjonok/redtail,,
andyxieyong/redtail,,
animanathome/redtail,,
anitagold/redtail,,
AnkurAgarwal1989/redtail,,
arasharchor/redtail,,
architectureofthings/redtail,,
ArduPilot/redtail,,
bradwhitenikki/redtail,,
GaryMatthews/redtail,,
isabella232/redtail,,
jmachuca77/redtail,,
junereo/redtail,,
kaiyuryozin/redtail,,
KirillSleta/redtail,,
mtbsteve/redtail,,
2019-paper-fun/redtail,,
akrolic/redtail,,
Clemson-Autonomous-Systems/redtail,,
dlyshare/redtail,,
fmannan/redtail,,
gskachkov/redtail,,
hsy77101/redtail,,
Juggernaut91/redtail,,
nghiajenius-dev/redtail,,
pramodsandaruwan/redtail,,
ShreyAmbesh/redtail,,
sshyran/redtail,,
SuhyungP/redtail,,
xalanaseon/redtail,,
onexecute/redtail,,
uav360/redtail,,
arnavw/redtail,,
Artificial-Intelligence-Society-SJSU/redtail,,
arvind-india/redtail,,
asa008/redtail,,
Ashutosh-Badave/redtail,,
ashwini-AI/redtail,,
atcelen/redtail,,
austinmajor/redtail,,
Automotive-project/redtail,,
auturgy/redtail,,
avinash-chouhan/redtail,,
AVR-TEC/redtail,,
Awesome1995/redtail,,
awesomemachinelearning/redtail,,
Ballester/redtail,,
barsaiyaniith/redtail,,
bdutta19/redtail,,
BenJamesbabala/redtail,,
bikmaeff/redtail,,
binbinmeng/redtail,,
bingyingL/redtail,,
BitJetKit/redtail,,
BOTVGKI/redtail,,
boycoot/redtail,,
brice-liu/redtail,,
btowner01/redtail,,
cagataysari/redtail,,
carlossosamorera/redtail,,
ccszwg/redtail,,
cebenestelli/redtail,,
challenzhou/redtail,,
chegejames/redtail,,
Chomolungma/redtail,,
chuong98/redtail,,
Cicc1/redtail,,
classicvalues/redtail,,
CloudDanielWang/redtail,,
cmsebast/redtail,,
cmteric/redtail,,
codeaudit/redtail,,
Coderx7/redtail,,
CRYP706URU/redtail,,
CSTEZCAN/redtail,,
dakotasanchez/redtail,,
Danigy/redtail,,
daraliu/redtail,,
darioxz/redtail,,
davidbien/redtail,,
DEVESHTARASIA/redtail,,
dinngoman/redtail,,
dlackner/redtail,,
Dongzhou-1996/redtail,,
doodek/redtail,,
drivenimo36/redtail,,
DrKaung-Khant-Ko-Ko-Han/redtail,,
drminix/redtail,,
droidiyann/redtail,,
drone-fun/redtail,,
Droneswat/redtail,,
duy1102002/redtail,,
edimoon777/redtail,,
ek9852/redtail,,
EmpireofKings/redtail,,
EmreAkkoc/redtail,,
eos21/redtail,,
ericyao2013/redtail,,
esmaeilinia/redtail,,
ezhangle/redtail,,
fabio-maverick/redtail,,
fangyanshen/redtail,,
fanjumin/redtail,,
feracero/redtail,,
firasjlassi/redtail,,
ForkedRepositories/redtail,,
freaad/redtail,,
Freedom2020/redtail,,
frozeneyefree/redtail,,
RoseWillow/redtail,,
ganwy2017/redtail,,
gaopeng91/redtail,,
geshuro/redtail,,
GGorospe/redtail,,
gilblankenship/redtail,,
Global19/redtail,,
Global19-atlassian-net/redtail,,
goldenminerlmg/redtail,,
greenfigo2015/redtail,,
greenpizza1203/redtail,,
guppykang/redtail,,
HaitaoLeo/redtail,,
handsomeboy/redtail,,
Heavy02011/redtail,,
hejunbok/redtail,,
hezudao23/redtail,,
hildebrandt-carl/redtail,,
hixio-mh/redtail,,
HMAung-Alexander/redtail,,
HumorLogic/redtail,,
hyeonhoshin/redtail,,
hz658832/redtail,,
imanzabet/redtail,,
infinityhacks/redtail,,
IngaVS/redtail,,
Irikefe41/redtail,,
isennkubilay/redtail,,
Jackyhh/redtail,,
jae-hyeong-hwang/redtail,,
jairis/redtail,,
jayagupta678/redtail,,
JessePrime/redtail,,
jetson-tx2/redtail,,
jhmwalters/redtail,,
jiangxiaojiang/redtail,,
jiaquan301/redtail,,
JiweiTian/redtail,,
joebradly/redtail,,
jonnohuang/redtail,,
jorasdf24/redtail,,
jsabby/redtail,,
jshuadvd/redtail,,
JuChanyoung/redtail,,
Karan1914/redtail,,
Kazimbalti/redtail,,
keerthan1555/redtail,,
KeoChi/redtail,,
kew42/redtail,,
khlaifiabilel/redtail,,
kidtronnix/redtail,,
KINGdotNET/redtail,,
kingthu/redtail,,
ktnguyen2/redtail,,
kumarwzx/redtail,,
LanceMercado/redtail,,
langsunny/redtail,,
leehaesung/redtail,,
liaofeifan/redtail,,
likeucode/redtail,,
liu3xing3long/redtail,,
ll550/redtail,,
locussam/redtail,,
Lonai3190/redtail,,
luisgustavo015/redtail,,
luketjones99/redtail,,
lyk125/redtail,,
LZMHIT/redtail,,
Madhusankha/redtail,,
mandalkaustav/redtail,,
markneville/redtail,,
marshallalkarim/redtail,,
marvsat/redtail,,
mathew1224/redtail,,
MaximumProgrammer/redtail,,
media-library/redtail,,
mehrdad-shokri/redtail,,
MenGuangwen-CN-0411/redtail,,
michaelchi08/redtail,,
MiiViiDynamics/redtail,,
miracleswt/redtail,,
mithundeshmukh8/redtail,,
ml-lab/redtail,,
mohanbabi/redtail,,
moscamich/redtail,,
mozachiu/redtail,,
MrDadaGuy/redtail,,
mrnustikj/redtail,,
MShaffar19/redtail,,
nakajimakou1/redtail,,
navigatingbots/redtail,,
neurale/redtail,,
nhseong7/redtail,,
nightheronry/redtail,,
nitin5/redtail,,
nokiaipad/redtail,,
norcaluav/redtail,,
nsimon1/redtail,,
nsmoly/redtail,,
nuaalht/redtail,,
o-reo/redtail,,
odiezapha/redtail,,
Oleksandr82/redtail,,
originholic/redtail,,
OSSDC/redtail,,
ovision/redtail,,
paranoidai/redtail,,
parthiv-krishna/redtail,,
pdctuser/redtail,,
pderichai/redtail,,
peasant98/redtail,,
pedro1713/redtail,,
pesouza/redtail,,
peterwatsonnm/redtail,,
phildo59/redtail,,
PhiseLeung/redtail,,
Prasanna-icefire/redtail,,
qicny/redtail,,
quanqhow/redtail,,
rajat2004/redtail,,
rajeshroy402/redtail,,
reyhankim/redtail,,
richardbgreene/redtail,,
Ritesh1991/redtail,,
rk080299/redtail,,
robot-drone-iot/redtail,,
robotlabvn/redtail,,
robotlinker/redtail,,
root1369/redtail,,
Rootopia/redtail,,
Rophier/redtail,,
rosyapril/redtail,,
rua0/redtail,,
Russ76/redtail,,
ryanblakeney/redtail,,
saadmahboob/redtail,,
sagardalai/redtail,,
samuel-ogbonnaya/redtail,,
saumitrabg/redtail,,
savath/redtail,,
Sawtoothz/redtail,,
self-driving/redtail,,
selfdriving-fun/redtail,,
sfrias/redtail,,
shayne2018/redtail,,
shbaydadaev/redtail,,
shengchun/redtail,,
shhuachuan/redtail,,
shmm91/redtail,,
SohailDyni/redtail,,
songjunjian/redtail,,
sraone-96/redtail,,
stillkit/redtail,,
stjordanis/redtail,,
stopcontrol/redtail,,
stpaul2coderdojo/redtail,,
CoderDojo-StPaul2/redtail,,
suddulavenkatanaresh/redtail,,
sumedhreddy90/redtail,,
sungwook87/redtail,,
sunyi199374/redtail,,
surfswift213us/redtail,,
sycomix/redtail,,
TechBOiz/redtail,,
theja2289/redtail,,
tichoi/redtail,,
TonyMou/redtail,,
Toradex-Apalis-TK1-AndroidTV/redtail,,
toreal/redtail,,
tqltech/redtail,,
TritonSailor/redtail,,
haquebd/redtail,,
HichemMokni/redtail,,
jrserrano/redtail,,
pranavn248/redtail,,
tvanh512/redtail,,
ubaidsayyed54/redtail,,
upshang/redtail,,
USTCPCS/redtail,,
utkugulgec/redtail,,
uuaix/redtail,,
vipulraikar/redtail,,
vxgu86/redtail,,
waldow90/redtail,,
weihli/redtail,,
wheel-me/redtail,,
williamd4112/redtail,,
won6402/redtail,,
wpfhtl/redtail,,
wsblues/redtail,,
Wuxinxiaoshifu/redtail,,
xht2005/redtail,,
xiaohedu/redtail,,
XinghuiTao/redtail,,
xjwxjw/redtail,,
XQUBITS/redtail,,
xuqy1981/redtail,,
yalcindemir/redtail,,
YangZhengShi/redtail,,
yirameon/redtail,,
youmo110/redtail,,
YuFengUofR/redtail,,
yunkyusung/redtail,,
yxftju/redtail,,
zenetio/redtail,,
zeta1999/redtail,,
zhangfaquan/redtail,,
zhangnage123/redtail,,
ZHICHENG12/redtail,,
zhj-buffer/redtail,,
zLeewack/redtail,,
zmwebdev/redtail,,
zoeyusegithub/redtail,,
zooeyday/redtail,,
charinath/thinx-device-api,,
charithmadhuranga/thinx-device-api,,
exocode/thinx-device-api,,
fossabot/thinx-device-api,,
gitter-badger/thinx-device-api,,
keyguru/thinx-device-api,,
marceluphd/thinx-device-api,,
sascha78/thinx-device-api,,
aglne/robo4j,,
AhmedYousseff/robo4j,,
andy521/robo4j,,
BossDing/robo4j,,
emhutchins/robo4j,,
feiman/robo4j,,
fffmysmbkn/robo4j,,
fvogler/robo4j,,
jarekratajski/robo4j,,
mirage22/robo4j,,
ohalushchak/robo4j,,
orb1t/robo4j,,
reinhapa/robo4j,,
syzer/robo4j,,
ww3456/robo4j,,
yishionq/robo4j,,
30-reactions/aws-iot-device-sdk-cpp,,
andrkonin/aws-iot-device-sdk-cpp,,
andropovpov/aws-iot-device-sdk-cpp,,
andyli9449/aws-iot-device-sdk-cpp,,
anjgola/aws-iot-device-sdk-cpp,,
facchinm/aws-iot-device-sdk-cpp,,
ankit-derq/aws-iot-device-sdk-cpp,,
arjangupta/aws-iot-device-sdk-cpp,,
ashwiniverma/aws-iot-device-sdk-cpp,,
atanubanik/aws-iot-device-sdk-cpp,,
AWSSteveHa/aws-iot-device-sdk-cpp,,
bobwatso-aws/aws-iot-device-sdk-cpp,,
Braingrid/aws-iot-device-sdk-cpp,,
bswhite1/aws-iot-device-sdk-cpp,,
certabitmh/aws-iot-device-sdk-cpp,,
chamber-wang/aws-iot-device-sdk-cpp,,
cnxtech/aws-iot-device-sdk-cpp,,
CreepyMonkey/aws-iot-device-sdk-cpp,,
delsmth/aws-iot-device-sdk-cpp,,
DensityCo/aws-iot-device-sdk-cpp,,
ducvietmta/aws-iot-device-sdk-cpp,,
eagi223/aws-iot-device-sdk-cpp,,
efcantillo72/aws-iot-device-sdk-cpp,,
EkkoSense/aws-iot-device-sdk-cpp,,
etcyl/aws-iot-device-sdk-cpp,,
Fischiii/aws-iot-device-sdk-cpp,,
ghaddam/aws-iot-device-sdk-cpp,,
ghaddarg/aws-iot-device-sdk-cpp,,
gkvas/aws-iot-device-sdk-cpp,,
GoJie/aws-iot-device-sdk-cpp,,
HEIDIES/aws-iot-device-sdk-cpp,,
hemanthkodandarama/aws-iot-device-sdk-cpp,,
hunter-packages/aws-iot-device-sdk-cpp,,
cpp-pm/aws-iot-device-sdk-cpp,,
hunter-packages-archive/aws-iot-device-sdk-cpp,,
skyformat99/aws-iot-device-sdk-cpp,,
husainmanasa/aws-iot-device-sdk-cpp,,
Hutchpro1/aws-iot-device-sdk-cpp,,
hyandell/aws-iot-device-sdk-cpp,,
hystking/aws-iot-device-sdk-cpp,,
ianridge/aws-iot-device-sdk-cpp,,
iot-bench/aws-iot-device-sdk-cpp,,
ivan-belyakov-bnetworks/aws-iot-device-sdk-cpp,,
jie-meng/aws-iot-device-sdk-cpp,,
jkgibson/aws-iot-device-sdk-cpp,,
jon-scully/aws-iot-device-sdk-cpp,,
joncode/aws-iot-device-sdk-cpp,,
jtnyap/aws-iot-device-sdk-cpp,,
kennywakeland/aws-iot-device-sdk-cpp,,
kmiller15211/aws-iot-device-sdk-cpp,,
krazers/aws-iot-device-sdk-cpp,,
kzhang1981/aws-iot-device-sdk-cpp,,
lalittech/aws-iot-device-sdk-cpp,,
larsonmpdx/aws-iot-device-sdk-cpp,,
lolsborn/aws-iot-device-sdk-cpp,,
leboisdesbruyere/aws-iot-device-sdk-cpp,,
longntv/aws-iot-device-sdk-cpp,,
lopeztech/aws-iot-device-sdk-cpp,,
lukipedio/aws-iot-device-sdk-cpp,,
m-kiso/aws-iot-device-sdk-cpp,,
ManjunathaN/aws-iot-device-sdk-cpp,,
mdvazeer/aws-iot-device-sdk-cpp,,
minghuadev/aws-iot-device-sdk-cpp,,
muskanmahajan486/aws-iot-device-sdk-cpp,,
mzanetti/aws-iot-device-sdk-cpp,,
nkowdley/aws-iot-device-sdk-cpp,,
noda-sin/aws-iot-device-sdk-cpp,,
nuodong/aws-iot-device-sdk-cpp,,
pablodvila/aws-iot-device-sdk-cpp,,
pfried/aws-iot-device-sdk-cpp,,
poojasgupta/aws-iot-device-sdk-cpp,,
primeyo2004/aws-iot-device-sdk-cpp,,
QPC-database/aws-iot-device-sdk-cpp,,
rapmue/aws-iot-device-sdk-cpp,,
ravisjce/aws-iot-device-sdk-cpp,,
rbhovi/aws-iot-device-sdk-cpp,,
rdewein-letsdev/aws-iot-device-sdk-cpp,,
RianFuro/aws-iot-device-sdk-cpp,,
robotlinker/aws-iot-device-sdk-cpp,,
sanjayrd/aws-iot-device-sdk-cpp,,
sepehr89/aws-iot-device-sdk-cpp,,
sevencheng798/aws-iot-device-sdk-cpp,,
shashankkarkare/aws-iot-device-sdk-cpp,,
shekharhimanshu/aws-iot-device-sdk-cpp,,
shiftreg/aws-iot-device-sdk-cpp,,
Soros1223/aws-iot-device-sdk-cpp,,
test-mass-forker-org-1/aws-iot-device-sdk-cpp,,
thunderbirds66/aws-iot-device-sdk-cpp,,
tiger-yu99/aws-iot-device-sdk-cpp,,
timbz/aws-iot-device-sdk-cpp,,
tolysz/aws-iot-device-sdk-cpp,,
TomaEduard/aws-iot-device-sdk-cpp,,
trahman-khan/aws-iot-device-sdk-cpp,,
triple-it/aws-iot-device-sdk-cpp,,
trmeade/aws-iot-device-sdk-cpp,,
trungkstn/aws-iot-device-sdk-cpp,,
TwistedTwigleg/aws-iot-device-sdk-cpp,,
ursfassler/aws-iot-device-sdk-cpp,,
vikingwyf/aws-iot-device-sdk-cpp,,
WilliamWeiWei/aws-iot-device-sdk-cpp,,
wjp1975/aws-iot-device-sdk-cpp,,
xcheng-here/aws-iot-device-sdk-cpp,,
xiaowenwei/aws-iot-device-sdk-cpp,,
ygalblum/aws-iot-device-sdk-cpp,,
yixiangding/aws-iot-device-sdk-cpp,,
YuechuanLi/aws-iot-device-sdk-cpp,,
3Gen-ITDev/cylon,,
877325778/cylon,,
abrahamrkj/cylon,,
acklenx/cylon,,
ademkarhal/cylon,,
adolfoeliazat/cylon,,
aecostilla/cylon,,
ajesse11x/cylon,,
alantangdong/cylon,,
albertoSoto/cylon,,
albertvo15/cylon,,
alex-prod/cylon,,
alexwang2013/cylon,,
allums/cylon,,
alvarlaigna/cylon,,
aminembarki/cylon,,
amshb001/cylon,,
andrew/cylon,,
si-mikey/cylon,,
anhhai986/cylon,,
anmolonruby/cylon,,
anwar-hegazy/cylon,,
arduino-spain/cylon,,
ariesw/cylon,,
arunpupp/cylon,,
arvind-india/cylon,,
asawq2006/cylon,,
ashengwang/cylon,,
AshWilliams/cylon,,
Asian-Technology-Hub/cylon,,
athiwatp/cylon,,
ats-hq/cylon,,
AVert/cylon,,
aydev/cylon,,
b3rday/cylon,,
bedeedidiong/cylon,,
beetaa/cylon,,
bendi/cylon,,
betweak12/cylon,,
BitcoinKinetics/cylon,,
bitsparq/cylon,,
Blun7/cylon,,
boltboxapp/cylon,,
bosunolanrewaju/cylon,,
botmayank/cylon,,
bouyagas/cylon,,
box3x4/cylon,,
bradparks/cylon,,
BrandTurner/cylon,,
caibojian/cylon,,
CarlosJordanDev/cylon,,
CedarLogicBot/cylon,,
chanakaDe/cylon,,
chaohaiding/cylon,,
charithmadhuranga/cylon,,
chengjingfeng/cylon,,
chenyuan8059/cylon,,
chernoub/cylon,,
Chiur/cylon,,
chrisbodhi/cylon,,
classicvalues/cylon,,
couturecraigj/cylon,,
Crude2016/cylon,,
cuulee/cylon,,
cybernetics/cylon,,
cyysu/cylon,,
daci6920/cylon,,
danhklein/cylon,,
daniellmb/cylon,,
daoyuan14/cylon,,
davgit/cylon,,
dcubasoy/cylon,,
ddm/cylon,,
demingsu/cylon,,
denisamselem/cylon,,
derrell/cylon,,
doc-ebooks/cylon,,
ItVen/cylon,,
dokepon2/cylon,,
dr-data/cylon,,
dslcorpo/cylon,,
edinsoncs/cylon,,
mriveros/cylon,,
ekalaya/cylon,,
ElsaLyu/cylon,,
Erbolking/cylon,,
EricCat/cylon,,
EricTop3/cylon,,
ezeq-10/cylon,,
ezeq10/cylon,,
fa137/cylon,,
FalkoJoseph/cylon,,
fastfly-dev/cylon,,
fearlessliving/cylon,,
femotizo/cylon,,
fengweijp/cylon,,
fhernandez173/cylon,,
fhferreira/cylon,,
Fikeis/cylon,,
FinchYang/cylon,,
fishingbit/cylon,,
foolsh/cylon,,
fusky/cylon,,
futurianh1k/cylon,,
gajendranmori/cylon,,
gallingern/cylon,,
gatito-labs/cylon,,
gdseller/cylon,,
GeekSivan/cylon,,
gfoxiii/cylon,,
gicho/cylon,,
gildardoperez/cylon,,
gkmbinh/cylon,,
GokcerBelgusen/cylon,,
goncaloluis89/cylon,,
gonzalogcontacto/cylon,,
gorhgorh/cylon,,
Gozhack/cylon,,
gpsbird/cylon,,
greggS/cylon,,
Guerra0514/cylon,,
gui2laume/cylon,,
gvc0461082002/cylon,,
HaitaoLeo/cylon,,
halley-eng/cylon,,
Hariharasudhan12/cylon,,
hhy5277/cylon,,
hitesh97/cylon,,
hngynjy/cylon,,
hollobit/cylon,,
hominator/cylon,,
hongkheng/cylon,,
honsys/cylon,,
hotoracle/cylon,,
hr878387423/cylon,,
huangzhaorongit/cylon,,
IchsanKamil/cylon,,
idkwim/cylon,,
idoo/cylon,,
imclab/cylon,,
indu127pal/cylon,,
ingmiguelyepezcivil/cylon,,
inno-v/cylon,,
IntenselyMichell/cylon,,
is00hcw/cylon,,
isuman/cylon,,
iuzhao/cylon,,
iv123/cylon,,
iyogeshjoshi/cylon,,
jameerltkr/cylon,,
javascript-indonesias/cylon,,
JavaScriptIOT/cylon,,
jayagupta678/cylon,,
JeromeBouvard/cylon,,
jgabriellima/cylon,,
Jie75/cylon,,
jj-matos/cylon,,
jlertle/cylon,,
Joel-Nickson/cylon,,
joeromero/cylon,,
johan--/cylon,,
JohnnyMa/cylon,,
jonathanmarvens/cylon,,
JrPribs/cylon,,
juliancheal/cylon,,
junteudjio/cylon,,
K-NodeJS/cylon,,
kant/cylon,,
keithfiore/cylon,,
kelly-keating/cylon,,
kfriesth/cylon,,
KinSai1975/cylon,,
kirahan/cylon,,
kjavier/cylon,,
krsreenatha/cylon,,
kstarsinic/cylon,,
ksteve/cylon,,
kuailingmin/cylon,,
kuangyunsheng/cylon,,
lamproae/cylon,,
lcsouzamenezes/cylon,,
leauge7/cylon,,
leehaesung/cylon,,
leismile/cylon,,
leogif/cylon,,
lgg-smart-house/cylon,,
LGTMCU/cylon,,
lizhizhou/cylon,,
lokcito/cylon,,
lorenwest/cylon,,
lpf123lpf/cylon,,
LTHODAVDOPL/cylon,,
Lujaw/cylon,,
lvjh/cylon,,
lxq2537664558/cylon,,
m2creger/cylon,,
mahtab-haider88/cylon,,
manhcuongkd/cylon,,
maniacs-js/cylon,,
manielli/cylon,,
MarceloTomaz/cylon,,
markandrewj/cylon,,
marko-ciric/cylon,,
MarxGonzalez/cylon,,
MaschzhApps/cylon,,
maswewe/cylon,,
Rudianasaja/cylon,,
mejustme/cylon,,
melanyss/cylon,,
melihs/cylon,,
mesutcan/cylon,,
Michael-Antczak/cylon,,
Milstein/cylon,,
minhchuduc/cylon,,
misel228/cylon,,
MitchellTesla/cylon,,
mithublue/cylon,,
mmarum-sugarcrm/cylon,,
moayyaed/cylon,,
MohsenKasiri/cylon,,
mooosu-iot/cylon,,
mortenf/cylon,,
mrquincle/cylon,,
mrsaeeddev/cylon,,
msGenDev/cylon,,
msudak/cylon,,
Muflhi01/cylon,,
ndiagamactarfall/cylon,,
Neverland/cylon,,
newkaka/cylon,,
newsky/cylon,,
ngwechi/cylon,,
nikkkkhil/cylon,,
niltonfelipe/cylon,,
nolrinale/cylon,,
nvdnkpr/cylon,,
octoblu/cylon,,
Meshnu/cylon,,
relayslink/cylon,,
olmstead/cylon,,
openokay/cylon,,
openube/cylon,,
pandoraui/cylon,,
panickervinod/cylon,,
patmandenver/cylon,,
paulwooddesign/cylon,,
pdehaan/cylon,,
pkdevboxy/cylon,,
PostPCEra/cylon,,
prabindh/cylon,,
praneybehl/cylon,,
pushp360/cylon,,
pythoner2019/cylon,,
pyway/cylon,,
qiuba2008/cylon,,
Qutuijian/cylon,,
ragnarsupertramp/cylon,,
rahul2224/cylon,,
rajrauther/cylon,,
rakesh-mohanta/cylon,,
RamChandraTeja/cylon,,
rana1998/cylon,,
raymondSeger/cylon,,
razvann/cylon,,
redgang/cylon,,
review---/cylon,,
rewatt/cylon,,
rezaprimasatya/cylon,,
rickyall/cylon,,
ringzhz/cylon,,
rishi-7861/cylon,,
Ro9ueAdmin/cylon,,
roadlabs/cylon,,
robertbarron/cylon,,
rocio/cylon,,
roger-zhao/cylon,,
rohitsachan/cylon,,
rounakraj/cylon,,
RRiOSDev/cylon,,
RucketZreo/cylon,,
Rworld-Ravi/cylon,,
SamFun/cylon,,
sanyaade-robotic/cylon,,
sd031/cylon,,
sdabic/cylon,,
Sdaewa/cylon,,
sergiu-gordienco/cylon,,
seuzht/cylon,,
sfielder/cylon,,
shakir-abdo/cylon,,
shangma/cylon,,
shubham14121412/cylon,,
shucommon/cylon,,
silavsale/cylon,,
silvioclipper/cylon,,
smhdes/cylon,,
SnappyDroid/cylon,,
socjs/cylon,,
sovr610/cylon,,
ssiagu/cylon,,
stevekeol/cylon,,
strogo/cylon,,
Sultan91/cylon,,
syzer/cylon,,
tazjel/cylon,,
tejasrsuthar/cylon,,
tennessine/cylon,,
TeslaHan/cylon,,
thalesfsp/cylon,,
TheArchiver/cylon,,
Tim-MCC/cylon,,
tk120404/cylon,,
toby1991/cylon,,
tom-mats/cylon,,
tpz22rc/cylon,,
trenchmortar/cylon,,
trfiladelfo/cylon,,
trigop/cylon,,
Uili-Simteau/cylon,,
ultimaglow/cylon,,
utsingh/cylon,,
vamsirajendra/cylon,,
Variest/cylon,,
verydog/cylon,,
vibhorkhurana/cylon,,
vlmlee/cylon,,
Wandalen/cylon,,
wangminrui2022/cylon,,
wantongtang/cylon,,
weber4/cylon,,
weimingtom/cylon,,
whypool/cylon,,
williamcspace/cylon,,
wiplug/cylon,,
wissending/cylon,,
witkeyshare/cylon,,
WittyPlex/cylon,,
wuu19/cylon,,
www3838438/cylon,,
xfei6868/cylon,,
xfyecn/cylon,,
xiuyetang/cylon,,
xuegoo/cylon,,
YanLinAung/cylon,,
yashilanka/cylon,,
yilab/cylon,,
yonichanowitz/cylon,,
younes-elansari/cylon,,
youprofit/cylon,,
ZamBoyle/cylon,,
zankavrogin/cylon,,
ZerroCool/cylon,,
zhangxuewen123/cylon,,
zhyzhy782/cylon,,
None/fikalab,,
deffosic/iiot-integration-apache-plc4x-kafka-connect-ksql-opc-ua-modbus-siemens-s7,,
josekurian/iiot-integration-apache-plc4x-kafka-connect-ksql-opc-ua-modbus-siemens-s7,,
queirozjfautomacao/iiot-integration-apache-plc4x-kafka-connect-ksql-opc-ua-modbus-siemens-s7,,
Amir22010/Foresee-Navigation,,
bingyingL/Foresee-Navigation,,
Danigy/Foresee-Navigation,,
guorun198959/Foresee-Navigation,,
gyuseokByeon/Foresee-Navigation,,
ihelal/Foresee-Navigation,,
isabella232/Foresee-Navigation,,
JandonXi/Foresee-Navigation,,
jmachuca77/Foresee-Navigation,,
maphysart/Foresee-Navigation,,
mfkiwl/Foresee-Navigation,,
Russ76/Foresee-Navigation,,
seaun163/Foresee-Navigation,,
ShashwatNigam99/Foresee-Navigation,,
sunarditay/Foresee-Navigation,,
xiaofeng1990/Foresee-Navigation,,
xrp001/Foresee-Navigation,,
YangZhengShi/Foresee-Navigation,,
Balint-H/BuddyHub,,
2018SRTeam/ucef,,
AdKwanashie/ucef,,
Anirban-nist/ucef,,
hneema08/ucef,,
jat255/ucef,,
srees/ucef,,
usman094/ucef,,
aabadie/pyaiot,,
forksbot/pyaiot,,
bergzand/pyaiot,,
bformet/pyaiot,,
cgundogan/pyaiot,,
d3v53c/pyaiot,,
darcyg/pyaiot,,
fjmolinas/pyaiot,,
haochenmaths/pyaiot,,
rfuentess/pyaiot,,
Ziyad2/pyaiot,,
Amir22010/Electron,,
asheesh1996/Electron,,
Chomolungma/Electron,,
Danigy/Electron,,
file-campuran/Electron,,
isabella232/Electron,,
jetson-tx2/Electron,,
labljy/Electron,,
land007/Electron,,
li9616/Electron,,
michaelchi08/Electron,,
mschrah/Electron,,
ncnynl/Electron,,
pangchao-git/Electron,,
shilixin/Electron,,
smilejx/Electron,,
tvanh512/Electron,,
vikashranjan/Electron,,
Xiaofei1010/Electron,,
yinzixuan126/Electron,,
Amir22010/jetson-trashformers,,
arvind-india/jetson-trashformers,,
Changliu52/jetson-trashformers,,
Chomolungma/jetson-trashformers,,
Danigy/jetson-trashformers,,
dineshresearch/jetson-trashformers,,
dkkim93/jetson-trashformers,,
isabella232/jetson-trashformers,,
ishan22/jetson-trashformers,,
johnjsb/jetson-trashformers,,
jooo000hn/jetson-trashformers,,
krenshaw2018/jetson-trashformers,,
lbaitemple/jetson-trashformers,,
metheis/jetson-trashformers,,
michaelchacko/jetson-trashformers,,
EmpireofKings/jetson-trashformers,,
MuhammadUsman90/jetson-trashformers,,
savingtools/jetson-trashformers,,
shruthij28/jetson-trashformers,,
shuren007/jetson-trashformers,,
tommysugiarto/jetson-trashformers,,
yinzixuan126/jetson-trashformers,,
zhangyt0906/jetson-trashformers,,
aakash-sarin/Intel-Examples,,
AdamMiltonBarker/Intel-Examples,,
AI-Cdrone/Intel-Examples,,
aliushn/Intel-Examples,,
Amir22010/Intel-Examples,,
amirunpri2018/Intel-Examples,,
amita-kapoor/Intel-Examples,,
atokagzx/Intel-Examples,,
b3rday/Intel-Examples,,
birajaghoshal/Intel-Examples,,
DrBoltzmann/Intel-Examples,,
dystudio/Intel-Examples,,
HeQinlong/Intel-Examples,,
hoardboard/Intel-Examples,,
InahoKai/Intel-Examples,,
jelyoussefi/Intel-Examples,,
Karanr93/Intel-Examples,,
kathu/Intel-Examples,,
KonstantinBychkovRepo/Intel-Examples,,
Muflhi01/Intel-Examples,,
ngesa254/Intel-Examples,,
nghiajenius-dev/Intel-Examples,,
radu7/Intel-Examples,,
sandipan144/Intel-Examples,,
Sayantanmukherjee6/Intel-Examples,,
trendsdigital/Intel-Examples,,
vincentAtGit/Intel-Examples,,
yangjian615/Intel-Examples,,
/johnny-five-elements,,
AmadeusW/virtual-shields-universal,,
AndreyAyres/virtual-shields-universal,,
brunolewin/virtual-shields-universal,,
CRDeveloper/virtual-shields-universal,,
Creatrixino/virtual-shields-universal,,
DavidShoe/virtual-shields-universal,,
dbbevan/virtual-shields-universal,,
devinvalenciano/virtual-shields-universal,,
Foxman13/virtual-shields-universal,,
vishalishere/virtual-shields-universal,,
freaking1/virtual-shields-universal,,
gnicolasarroyo/virtual-shields-universal,,
iot-alex/virtual-shields-universal,,
JimGaleForce/virtual-shields-universal,,
Leeway213/virtual-shields-universal,,
LSUPERMAN735/virtual-shields-universal,,
miguelbeltran/virtual-shields-universal,,
MikaelSoderstrom/virtual-shields-universal,,
mikoskinen/virtual-shields-universal,,
muskanmahajan37/virtual-shields-universal,,
mwmckee/virtual-shields-universal,,
satishkrr/virtual-shields-universal,,
sdelavega/virtual-shields-universal,,
shivam11/virtual-shields-universal,,
STymch/virtual-shields-universal,,
superlime/virtual-shields-universal,,
TechEdge01/virtual-shields-universal,,
UNIVERSAL-IT-SYSTEMS/virtual-shields-universal,,
zafields/virtual-shields-universal,,
/cossb,,
aabadie/cli-tools,,
adjih/cli-tools,,
audeoudh/cli-tools,,
awe00/cli-tools,,
cgundogan/cli-tools,,
cloud-hot/cli-tools,,
dadada/cli-tools,,
miri64/cli-tools,,
OlegHahm/cli-tools,,
rienafairefr/cli-tools,,
rodrigoieh/cli-tools,,
acklenx/cylon-joystick,,
allai5/cylon-joystick,,
dashby3000/cylon-joystick,,
jaywengrow/cylon-joystick,,
jiraiya972/cylon-joystick,,
juliancheal/cylon-joystick,,
neocotic/cylon-joystick,,
nvdnkpr/cylon-joystick,,
pb2bee/cylon-joystick,,
tt-52101/cylon-joystick,,
/SwarmRob,,
/Dum-E-IOT,,
/IoT-Room-Occupancy-Monitor,,
jasonatran/iris-riot,,
/johnny-five-iot-edge,,
cmmakerclub/cylon-mqtt,,
haydockjp/cylon-mqtt,,
javierder/cylon-mqtt,,
k33g/cylon-mqtt,,
mortenf/cylon-mqtt,,
mleung123/Bipedal_Robot,,
00mjk/gobot,,
111001101111010/gobot,,
0x4445565A/gobot,,
0xinfinitykernel/gobot,,
1000x/gobot,,
15260790807/gobot,,
17twenty/gobot,,
180909/gobot,,
2plus7/gobot,,
30s/gobot,,
88act/gobot,,
90Y/gobot,,
a-baba/gobot,,
a1xon/gobot,,
a4a881d4/gobot,,
AaronNovakDev/gobot,,
Aashritha27/gobot,,
abejide001/gobot,,
abhishek2894/gobot,,
abhishekgahlot/gobot,,
abourget/gobot,,
abtris/gobot,,
acaloiaro/gobot,,
acrowise/gobot,,
adolfoeliazat/gobot,,
AdyashaDash/gobot,,
aeknow/gobot,,
afitzek/gobot,,
ahmadfajar92/gobot,,
AI-IOT/gobot,,
aimicm/gobot,,
aivizionz/gobot,,
aixMonster/gobot,,
ajesse11x/gobot,,
ajunlonglive/gobot,,
aka-polyhedron/gobot,,
akashgupta05/gobot,,
akhudek/gobot,,
akosela/gobot,,
akumbhani66/gobot,,
alaverasg/gobot,,
albertogg/gobot,,
albertsema/gobot,,
Alcheemiist/gobot,,
alex-bluemix/gobot,,
alex-golang/gobot,,
alex-learn/gobot,,
alexant533/gobot,,
alexcvig/gobot,,
AlexShiLucky/gobot,,
AlexSun-lq/gobot,,
aliafshar/gobot,,
alittlebrighter/gobot,,
alknopfler/gobot,,
allanglen/gobot,,
aloncn/gobot,,
alperbek/gobot,,
alvinsunalvin/gobot,,
amolasg/gobot,,
amshb001/gobot,,
andradeandrey/gobot,,
AndreTeixeira1998/gobot,,
andrew/gobot,,
andrewebdev/gobot,,
andy521/gobot,,
anhhai986/gobot,,
Anticonformiste/gobot,,
anwar-hegazy/gobot,,
ardelldou/gobot,,
arduino-spain/gobot,,
arroadie/gobot,,
arsoba/gobot,,
ArtieReus/gobot,,
ArunkumarRamanan/gobot,,
Arvi38/gobot,,
aryanugroho/gobot,,
asachs01/gobot,,
asmyasnikov/gobot,,
assassinen/gobot,,
Asuancaiyu/gobot,,
ateleshev/gobot,,
awesome-golang/gobot,,
awsassets/gobot,,
backwardn/gobot,,
bakode/gobot,,
batermj/gobot,,
Beaver-Company/gobot,,
beiyoujun/gobot,,
benjaminbartels/gobot,,
berryhill/gobot,,
bezineb5/gobot,,
bhardw1m/gobot,,
bhuvanchandra/gobot,,
Bielteknik/gobot,,
bigemon/gobot,,
bign8/gobot,,
bitmybytes/gobot,,
bkmeneguello/gobot,,
bloudermilk/gobot,,
boardthatpowder/gobot,,
BobDeng1974/gobot,,
boltboxapp/gobot,,
bonly/gobot,,
bootstrapsp/gobot,,
boseca/gobot,,
braman09/gobot,,
brendanstennett/gobot,,
brimstone/gobot,,
bronzenose/gobot,,
bsmr/gobot,,
bushuevky/gobot,,
bussiere/gobot,,
busyStone/gobot,,
buzzshiva/gobot,,
bx5974/gobot,,
byebyebruce/gobot,,
bytedaring/gobot,,
cacktopus/gobot,,
caledhwa/gobot,,
cameron5906/gobot,,
campoy/gobot,,
tqangxl/gobot,,
cancheung/gobot,,
caohm/gobot,,
capelito/gobot,,
carl-ranson/gobot,,
CarlosJordanDev/gobot,,
carlosvega20/gobot,,
carmel/gobot,,
cathalgarvey/gobot,,
cautonwong/gobot,,
cbwang2016/gobot,,
ccary64/gobot,,
cd8608/gobot,,
cdzombak/gobot,,
CedarLogicBot/gobot,,
cerfarrow/gobot,,
cesardanielhg/gobot,,
ChampInfo/gobot,,
chang-hun0820/gobot,,
chaokw/gobot,,
chapzin/gobot,,
charithmadhuranga/gobot,,
charl/gobot,,
chaunceyhan/gobot,,
chenchengwork/gobot,,
chenliuyang1989/gobot,,
chienyuan/gobot,,
Chillimeat/gobot,,
chintanbuch/gobot,,
chiun17/gobot,,
chkilel/gobot,,
chmorgan/gobot,,
chrischiedo/gobot,,
cinderalla/gobot,,
circulocity/gobot,,
cjqian/gobot,,
classicvalues/gobot,,
cloud-architecture/gobot,,
cluo/gobot,,
cocbin/gobot,,
code0100fun/gobot,,
codegangsta/gobot,,
CodeLingoBot/gobot,,
coderliulong/gobot,,
coding-yogi/gobot,,
cokeboL/gobot,,
colemanserious/gobot,,
come-maiz/gobot,,
conejoninja/gobot,,
conoro/gobot,,
coolhacks/gobot,,
coscx/gobot,,
cp0k/gobot,,
craftscat/gobot,,
crain-cn/gobot,,
creisor/gobot,,
CristianStanciu/gobot,,
cristicmf/gobot,,
croomes/gobot,,
csmehta/gobot,,
cuongnq0707/gobot,,
Cvumf/gobot,,
cx-oss/gobot,,
cxfchxy/gobot,,
Cyniq666/gobot,,
d7185540/gobot,,
dabaosun/gobot,,
daniel-007/gobot,,
DanielFallon/gobot,,
danifv27/gobot,,
dannypei/gobot,,
danthemank/gobot,,
daoyuan14/gobot,,
darren109/gobot,,
darwinz/gobot,,
dcarbone/gobot,,
dcbriccetti/gobot,,
dcfrancisco/gobot,,
ddai00bit/gobot,,
deepakkamesh/gobot,,
dekins/gobot,,
delaneyj/gobot,,
deltacodepl/gobot,,
Deniel9204/gobot,,
denza/gobot,,
derailed/gobot,,
devopstoday11/gobot,,
desmax74/gobot,,
developgo/gobot,,
devfubar/gobot,,
devjewel01/gobot,,
devopsmi/gobot,,
dewott-technologies/gobot,,
dexterlu-coder/gobot,,
dgnorton/gobot,,
dhanunjaya/gobot,,
dimik/gobot,,
dipak-pawar/gobot,,
direkshan-digital/gobot,,
dirkarnez/gobot,,
disaster37/gobot,,
dlisin/gobot,,
dlsniper/gobot,,
dlstjq7685/gobot,,
dmarkham/gobot,,
dolfly/gobot,,
dongkc/gobot,,
doublemo/gobot,,
dracher/gobot,,
dragonxu/gobot,,
dragosbudan1/gobot,,
droid42/gobot,,
droot/gobot,,
dsockwell/gobot,,
duanshuaimin/gobot,,
duanshui1184/gobot,,
DuoBelt/gobot,,
durgeshm/gobot,,
duslabo/gobot,,
duzhanyuan/gobot,,
DV-with-hybridgroup/gobot,,
dwdcth/gobot,,
easycody/gobot,,
ebiiim/gobot,,
ebostijancic/gobot,,
echorocket/gobot,,
eddielien/gobot,,
edgarcai/gobot,,
edmontongo/gobot,,
abramhindle/gobot,,
edmore/gobot,,
eirikwang/gobot,,
ekyoung/gobot,,
eleniums/gobot,,
elie-g/gobot,,
ellerbrock/gobot,,
EmuxEvans/gobot,,
enginterzi/gobot,,
erh/gobot,,
eric-s-raymond/gobot,,
IbnNafis007/gobot,,
EricDunham2/gobot,,
ericho/gobot,,
ericyao2013/gobot,,
erkkah/gobot,,
EthanAnro/gobot,,
etsangsplk/gobot,,
everesio/gobot,,
ewolfox/gobot,,
explicite/gobot,,
eyauwag/gobot,,
eyelight/gobot,,
ez-max/gobot,,
fabianbaier/gobot,,
fadinglr/gobot,,
fawick/gobot,,
fawnlake1/gobot,,
fayelee0/gobot,,
Fede85/gobot,,
fenggolang/gobot,,
FergusInLondon/gobot,,
ferllings/gobot,,
fhernandez173/gobot,,
FinchYang/gobot,,
firedtoad/gobot,,
fitrialif/gobot,,
FivePente/gobot,,
flatlevel/gobot,,
florianspy/gobot,,
foobarmeow/gobot,,
foolsh/gobot,,
foreignspy/gobot,,
forging2012/gobot,,
fourks/gobot,,
foxxnuaa/gobot,,
Frankz/gobot,,
freeloki/gobot,,
freeonce/gobot,,
freespace521/gobot,,
fullen2018/gobot,,
functionary/gobot,,
futurianh1k/gobot,,
gale320/gobot,,
galenchurch/gobot,,
gandaldf/gobot,,
garf/gobot,,
gaybro8777/gobot,,
gbraad/gobot,,
gbrayut/gobot,,
gd2top/gobot,,
gdlxSong/gobot,,
GeekGalaxy/gobot,,
GeekSivan/gobot,,
geezer-workshop/gobot,,
Gemerz/gobot,,
gen2thomas/gobot,,
genobili1984/gobot,,
gerritwh/gobot,,
gesneriana/gobot,,
ghoso/gobot,,
gingogo/gobot,,
gisdevelope/gobot,,
gleke/gobot,,
gmarik/gobot,,
go-rc/gobot,,
go-sharp/gobot,,
gochinkushi/gobot,,
gofalconers/gobot,,
gogene/gobot,,
gokultp/gobot,,
golangper/gobot,,
gomalang/gobot,,
malangbot/gobot,,
gometal/gobot,,
gomodul/gobot,,
goncaloluis89/gobot,,
gongp/gobot,,
gonluis89/gobot,,
gopperin/gobot,,
gosundy/gobot,,
gotoolkits/gobot,,
gouthamve/gobot,,
gpsbird/gobot,,
grassespi/gobot,,
GreatGreatGreg/gobot,,
gregadams4/gobot,,
guanzi0008/gobot,,
Guerra0514/gobot,,
gurre/gobot,,
guusvw/gobot,,
GuySirton/gobot,,
aditya87/gobot,,
HACKUK/gobot,,
haiderny/gobot,,
hamdyelbatal122/gobot,,
hanyingzhong/gobot,,
HaraldNordgren/gobot,,
Hariharasudhan12/gobot,,
harshasni007/gobot,,
harshavardhana/gobot,,
harwalan/gobot,,
HasaniMason/gobot,,
haseeAmarathunga/gobot,,
hcxiong/gobot,,
hebisu/gobot,,
helber/gobot,,
hemel-cse/gobot,,
heyanlei/gobot,,
hideshi/gobot,,
hngynjy/gobot,,
hnw/gobot,,
hoangpq/gobot,,
hone/gobot,,
hongbinz/gobot,,
hongda3141/gobot,,
hpf9017/gobot,,
hrishikesh195/gobot,,
hu19891110/gobot,,
huangweiboy2/gobot,,
huangzhaorongit/gobot,,
huiliang/gobot,,
hunterboerner/gobot,,
husttb/gobot,,
hyunho-solbox/gobot,,
iamima/gobot,,
ianhirsch/gobot,,
ianuoui/gobot,,
igit-cn/gobot,,
iheio/gobot,,
ii0/gobot,,
iketutg/gobot,,
ikhripunov/gobot,,
imathno/gobot,,
imbrian/gobot,,
imgoogege/gobot,,
imle/gobot,,
imsatender/gobot,,
infracloudio/gobot,,
iotlibrary/gobot,,
iroller/gobot,,
ironbang/gobot,,
is00hcw/gobot,,
isat7/gobot,,
isfanazha/gobot,,
isgasho/gobot,,
IshanChaks91/gobot,,
iTasks/gobot,,
itsarbit/gobot,,
jackjameshoward/gobot,,
Jackmark961/gobot,,
jacksinn/gobot,,
jackwiy/gobot,,
jagij/gobot,,
jahau/gobot,,
JamesDelmai1195/gobot,,
JamesHarrison/gobot,,
JamesHyunKim/gobot,,
jangocheng/gobot,,
JangoCity/gobot,,
jasiek/gobot,,
jatpat/gobot,,
jay-rob/gobot,,
jayantsinha/gobot,,
jbelke/gobot,,
jbzhang99/gobot,,
jc-johnson/gobot,,
Jchavez/gobot,,
jchjjj/gobot,,
jedipunkz/gobot,,
jeetto/gobot,,
Jelly-cn/gobot,,
jeromenerf/gobot,,
JERORO/gobot,,
jerpa/gobot,,
jesonWork/gobot,,
jesueljr/gobot,,
jfinken/gobot,,
jiege1994/gobot,,
jig/gobot,,
jim3ma/gobot,,
jlauinger-mscthesis/gobot,,
jlertle/gobot,,
jmesyan/gobot,,
jmptrader/gobot,,
joannekoong/gobot,,
joao-parana/gobot,,
jochasinga/gobot,,
joe-nano/gobot,,
joek/gobot,,
Joel-Nickson/gobot,,
JoeyMIao/gobot,,
johan--/gobot,,
johanhenselmans/gobot,,
johnnyduo/gobot,,
johnzenith/gobot,,
jonathanmarvens/gobot,,
jonathansm1th/gobot,,
jonnycrunch/gobot,,
jonyboy2000/gobot,,
jooes/gobot,,
jornu/gobot,,
JoseRFJuniorBigData/gobot,,
josuehennemann/gobot,,
jotarun/gobot,,
jpentland/gobot,,
jsaterfiel/gobot,,
jshields/gobot,,
jsyzthz/gobot,,
Juan1ll0/gobot,,
juliancheal/gobot,,
JulianoCristian/gobot,,
juntaki/gobot,,
k3kh/gobot,,
kalimero82/gobot,,
kamaal44/gobot,,
karama300/gobot,,
KarlSoftware/gobot,,
kathgironpe/gobot,,
kdj/gobot,,
kehribar/gobot,,
kelah/gobot,,
keliomer/gobot,,
kelvin169/gobot,,
kennylevinsen/gobot,,
keonjeo/gobot,,
kerwinruby/gobot,,
khorevaa/gobot,,
kimiwangjm/gobot,,
KineticDeveloper/gobot,,
KISSMonX/gobot,,
kissthink/gobot,,
kittuov/gobot,,
kmarquardsen/gobot,,
kml183/gobot,,
koalacxr/gobot,,
koko990/gobot,,
kpfaulkner/gobot,,
kpiotrowski/gobot,,
Krajiyah/gobot,,
krokben/gobot,,
ksputo/gobot,,
kumarvaradarajulu/gobot,,
KURO-LIANG/gobot,,
kvn-media/gobot,,
l2js/gobot,,
l3dlp-sandbox/gobot,,
lapuda/gobot,,
laubersder/gobot,,
leismile/gobot,,
lekum/gobot,,
leopardxu/gobot,,
lewdon/gobot,,
LHRchina/gobot,,
LiangTsao/gobot,,
liaolj/gobot,,
linearregression/gobot,,
lineCode/gobot,,
lingling1420q/gobot,,
LinuxCppServer/gobot,,
litianjiao/gobot,,
littleserendipity/gobot,,
liuziwei/gobot,,
ljfranklin/gobot,,
ljgago/gobot,,
lkkadiri/gobot,,
llonchj/gobot,,
lonpo/gobot,,
lopezdp/gobot,,
losinggeneration/gobot,,
LTURNUKLU/gobot,,
Lucas-Developer/gobot,,
LuisBuenanyo/gobot,,
lumingliang/gobot,,
lw664256297/gobot,,
lxq2537664558/gobot,,
lyhopq/gobot,,
lynnplus/gobot,,
lyp365859350/gobot,,
lzbgt/gobot,,
lzpfmh/gobot,,
madhukarreddy/gobot,,
MahmoudSharkawy/gobot,,
MaiconGavino/gobot,,
makesth/gobot,,
mandarcthorat/gobot,,
manhcuongkd/gobot,,
maniacs-oss/gobot,,
maohaili/gobot,,
margic/gobot,,
Mark57449/gobot,,
martin-ly/gobot,,
maruel/gobot,,
Marvin1311/gobot,,
matipan/gobot,,
matk86/gobot,,
mattetti/gobot,,
mandoyj/gobot,,
MatthewHampsey/gobot,,
maxwelldu/gobot,,
mdp314/gobot,,
meritaqatmerafaisla/gobot,,
merlindorin/gobot,,
meroon/gobot,,
metallurgical/gobot,,
mevric/gobot,,
MFrank2016/gobot,,
mighe/gobot,,
mika-il/gobot,,
mike-brookes/gobot,,
mike1808/gobot,,
mikespook/gobot,,
mikezhao2018/gobot,,
ming-chu/gobot,,
minhchuduc/gobot,,
minodisk/gobot,,
mir-dhaka/gobot,,
misterjulian/gobot,,
misu007/gobot,,
mj520/gobot,,
mjtworks/gobot,,
moayyaed/gobot,,
monatheoctocat/gobot,,
1xcode/gobot,,
dirtyarteaga/gobot,,
moncho/gobot,,
monomania/gobot,,
mooosu-iot/gobot,,
morganwang010/gobot,,
morristech/gobot,,
mruebush/gobot,,
MShoaei/gobot,,
muehlburger/gobot,,
muhammetfaik/gobot,,
mwhooker/gobot,,
my616969/gobot,,
myalexer/gobot,,
mywillok/gobot,,
namezis/gobot,,
nathanhack/gobot,,
neelmitra/gobot,,
neesonqk/gobot,,
negito6/gobot,,
nemesisqp/gobot,,
nemotoy/gobot,,
neo4reo/gobot,,
neverwork/gobot,,
ngc1275/gobot,,
ngopher/gobot,,
nickchou/gobot,,
nickcuper/gobot,,
nicle-lin/gobot,,
nigeltiany/gobot,,
nikkkkhil/gobot,,
NikolaeVarius/gobot,,
NikolasMelui/gobot,,
nilpower/gobot,,
ninetwentyfour/gobot,,
nitiansky/gobot,,
niwantha33/gobot,,
njnuwjq/gobot,,
no-glue/gobot,,
no2key/gobot,,
nobodyzzz/gobot,,
noravinsc/gobot,,
nordicdyno/gobot,,
notobsd2/gobot,,
npotts/gobot,,
null-none/gobot,,
nullpo-t/gobot,,
numa08/gobot,,
nwneisen/gobot,,
ny4n/gobot,,
nzmichaelh/gobot,,
ocarneiro/gobot,,
oliverpool/gobot,,
onlylin/gobot,,
OOmStudio/gobot,,
ooohiroyukiooo/gobot,,
OpenCoopNetwork/gobot,,
OpenDZ/gobot,,
opensprints/gobot,,
orange-jacky/gobot,,
orsinium-forks/gobot,,
otuld/gobot,,
pango853/gobot,,
Panky-codes/gobot,,
panzerdev/gobot,,
parrera/gobot,,
passionalboy/gobot,,
pauleyj/gobot,,
pbarker/gobot,,
pbnjay/gobot,,
pd40/gobot,,
pdkyll/gobot,,
pejovski/gobot,,
philipdg/gobot,,
Pingzehao/gobot,,
pio777/gobot,,
Plancheg/gobot,,
pmoroney/gobot,,
pmth/gobot,,
pnedunuri/gobot,,
potix/gobot,,
ppreeper/gobot,,
prateekpandey14/gobot,,
priestd09/gobot,,
priyankamang/gobot,,
prodigeni/gobot,,
pruggia/gobot,,
pschildkamp/gobot,,
psimon19/gobot,,
pst12/gobot,,
pu2wof/gobot,,
pushp360/gobot,,
pvd87/gobot,,
pwlandoll/gobot,,
pyway/gobot,,
qcjxberin/gobot,,
qiaohongbo/gobot,,
qiell/gobot,,
qinchao1985/gobot,,
qizexi/gobot,,
quatmo/gobot,,
r2k0/gobot,,
RACELAND-Automacao-Lda/gobot,,
rafael-azevedo/gobot,,
rafmagana/gobot,,
Ragnar-H/gobot,,
rainsome-org1/gobot,,
Rajat619/gobot,,
ramampiandra/gobot,,
ranjib/gobot,,
RaviTezu/gobot,,
rbin/gobot,,
Rearth/gobot,,
refaqtor/gobot,,
ReinhardHsu/gobot,,
rhasarub/gobot,,
rich1111/gobot,,
rickoman/gobot,,
rikusouhou/gobot,,
rkjdid/gobot,,
rlunar/gobot,,
Ro9ueAdmin/gobot,,
roadway/gobot,,
robotlinker/gobot,,
robtarr/gobot,,
roger-zhao/gobot,,
roger2000hk/gobot,,
Ropes/gobot,,
roshanraj/gobot,,
RRiOSDev/gobot,,
ryanhatfield/gobot,,
SAbdulRahuman/gobot,,
sachtonysoft/gobot,,
sadiqmmm/gobot,,
saifiikmal/gobot,,
sallamy2580/gobot,,
samkass/gobot,,
samuell/gobot,,
sandeepk17/gobot,,
saonam/gobot,,
sapiens-sapide/gobot,,
sapk-fork/gobot,,
sasg/gobot,,
scheetz/gobot,,
schleppy/gobot,,
schmidtw/gobot,,
schmorrison/gobot,,
scizorman/gobot,,
sdabic/gobot,,
sdwarak/gobot,,
seanmarcia/gobot,,
SecurityLab-CodeAnalysis/gobot,,
semibi/gobot,,
sevencheng798/gobot,,
shaogx/gobot,,
shebash/gobot,,
sheltowt/gobot,,
showntop/gobot,,
showsmall/gobot,,
ShrawanLakhe/gobot,,
shumintao/gobot,,
siberianbear/gobot,,
silkeh/gobot,,
silky/gobot,,
singhrahul007/gobot,,
Skarlso/gobot,,
skartikey/gobot,,
skl/gobot,,
skyformat99/gobot,,
skypacer210/gobot,,
skytodmoon/gobot,,
SlavD/gobot,,
sleep-go/gobot,,
slotbaer/gobot,,
slowmoon/gobot,,
sobhydo/gobot,,
sogko/gobot,,
Solertis/gobot,,
solgits/gobot,,
sombhattacharyya1983/gobot,,
sonnt85/gobot,,
SourceCode/gobot,,
soxueren/gobot,,
spacegithub/gobot,,
spacemandev-git/gobot,,
sparkybots/gobot,,
spatil/gobot,,
spinezhang/gobot,,
Spottybadrabbit/gobot,,
SriniVest/gobot,,
sroemen/gobot,,
srydai4hmt/gobot,,
ssenthil416/gobot,,
ssnover/gobot,,
ssorc/gobot,,
sssamuelll/gobot,,
st-user/gobot,,
standardgalactic/gobot,,
starryalley/gobot,,
statikMan/gobot,,
SteeveDess/gobot,,
stengaard/gobot,,
Stmen/gobot,,
strongh/gobot,,
Sts0mrg0/gobot,,
stuartleeks/gobot,,
stupendous-man/gobot,,
suhuaguo/gobot,,
sunjiangjun/gobot,,
sunminghong/gobot,,
super-rain/gobot,,
surejm/gobot,,
svanharmelen/gobot,,
Syen-Entrepot/gobot,,
Sypheos/gobot,,
szbalx/gobot,,
T-Manson/gobot,,
tak4hir0/gobot,,
taka011239/gobot,,
takeru56/gobot,,
taksenov/gobot,,
talmai/gobot,,
tangsoft/gobot,,
tchigher/gobot,,
tdaira/gobot,,
ternence-li/gobot,,
tfroidcoeur/gobot,,
th002/gobot,,
TheGodOfAwesome/gobot,,
theunkn0wn1/gobot,,
ThinkLib/gobot,,
thomasbhatia/gobot,,
tmclane/gobot,,
toby1991/gobot,,
toffentoffen/gobot,,
tonybaba2007/gobot,,
tonyheupel/gobot,,
tonypius/gobot,,
torresashjian/gobot,,
toxeus/gobot,,
TrendingTechnology/gobot,,
trevrosen/gobot,,
trigrass2/gobot,,
tux-eithel/gobot,,
tylerarnold/gobot,,
ulisesflynn/gobot,,
univrs/gobot,,
utsingh/gobot,,
uus169/gobot,,
vaporz/gobot,,
varunakantha/gobot,,
vaskoz/gobot,,
vasuvanka/gobot,,
VatsalNarwal/gobot,,
vconcepcion/gobot,,
vehery/gobot,,
vemvem/gobot,,
vendelin8/gobot,,
vforks/gobot,,
vicfryzel/gobot,,
vinely/gobot,,
vinodborole/gobot,,
visar/gobot,,
Vitaliz/gobot,,
vlastv/gobot,,
vnaar/gobot,,
VolhvPorechja/gobot,,
vonwenm/gobot,,
votenl/gobot,,
voxadam/gobot,,
w1r2p1/gobot,,
wahello/gobot,,
WakeupSoft/gobot,,
wallterlluiz/gobot,,
wallyqs/gobot,,
wangmingjunabc/gobot,,
wanhuo/gobot,,
wavelets/gobot,,
waynerQiu/gobot,,
wcnullkill/gobot,,
weblfe/gobot,,
weird-science-avc/gobot,,
wenlaizhou/gobot,,
WenXiaoDev/gobot,,
wfernandes/gobot,,
wfxiang08/gobot,,
wheelcomplex/gobot,,
whilei/gobot,,
willmendil/gobot,,
Willwil/gobot,,
wilsonfonseca/gobot,,
winnerineast/gobot,,
winshikhar/gobot,,
wispdronecompany/gobot,,
wk-app/gobot,,
wmv/gobot,,
wnz27/gobot,,
wolfeidau/gobot,,
wootsaejao/gobot,,
worryag/gobot,,
wqx0532/gobot,,
wuhuaroubj/gobot,,
wunderkind2k1/gobot,,
wuzeen/gobot,,
wzbooks/gobot,,
x-itec/gobot,,
xczhanjun/gobot,,
xerardoo/gobot,,
xfyecn/gobot,,
xiaolongn100/gobot,,
xin-change-the-world/gobot,,
xurror/gobot,,
xushiwei/gobot,,
xzhiot/gobot,,
Yang9527/gobot,,
yanleirex/gobot,,
YanLinAung/gobot,,
yanzay/gobot,,
yastec/gobot,,
ycliuhw/gobot,,
ycyranqingjjs/gobot,,
Yeicor/gobot,,
yekeqiang/gobot,,
yhtsnda/gobot,,
yiting007/gobot,,
ympons/gobot,,
yoo/gobot,,
youprofit/gobot,,
yourchanges/gobot,,
yuanleilei/gobot,,
yuedefeng/gobot,,
yurigorokhov/gobot,,
yxutfkhbjl/gobot,,
yzq1979/gobot,,
yztaoj/gobot,,
z-fenix/gobot,,
zacobin/gobot,,
zankavrogin/gobot,,
zankich/gobot,,
Zatupitel/gobot,,
zBMNForks/gobot,,
zenbulabs/gobot,,
zeroyou/gobot,,
zhangf911/gobot,,
zhangfaquan/gobot,,
zhanghepeng/gobot,,
zhangjunfang/gobot,,
zhangrelay/gobot,,
zhangxuewen123/gobot,,
zhaoya881010/gobot,,
zhaphod/gobot,,
zhbmarshal/gobot,,
zhengjianxiang/gobot,,
ZhengyangZhang-brian/gobot,,
zhuzhuzhenbang/gobot,,
zhwentao/gobot,,
zhy0313/gobot,,
zhyzhy782/gobot,,
zl4bv/gobot,,
zofuthan/gobot,,
zooyer/gobot,,
zoues/gobot,,
zubairhamed/gobot,,
zuowenkang123/gobot,,
zwhua888/gobot,,
zydudu/gobot,,
zzh20/gobot,,
zzy404/gobot,,
16snathan/johnny-five,,
19test/johnny-five,,
2davecampbell/johnny-five,,
2thetop/johnny-five,,
4math2379/johnny-five,,
a1ip/johnny-five,,
aallanrd/johnny-five,,
abeck70/johnny-five,,
abeyko/johnny-five,,
AbinashBishoyi/johnny-five,,
abythell/johnny-five,,
acbatista/johnny-five,,
achingbrain/johnny-five,,
ActionNerd/johnny-five,,
adambkehl/johnny-five,,
AdamMagaluk/johnny-five,,
adammendoza/johnny-five,,
adayguerra/johnny-five,,
AdenForshaw/johnny-five,,
Adimpression/johnny-five,,
adon988/johnny-five,,
AdrainMao/johnny-five,,
aessig/johnny-five,,
agilee/johnny-five,,
aguynamedloren/johnny-five,,
ahndroid/johnny-five,,
ainpoenya/johnny-five,,
ajfisher/johnny-five,,
AJMartel/johnny-five,,
ajunlonglive/johnny-five,,
akhivesara/johnny-five,,
Akoou/johnny-five,,
AlanHasty/johnny-five,,
alanshaw/johnny-five,,
alcschultz/johnny-five,,
alexbudin/johnny-five,,
alexUXUI/johnny-five,,
Alfredynho/johnny-five,,
alihalabyah/johnny-five,,
alisrael/johnny-five,,
alissonbovenzo/johnny-five,,
alizarion/johnny-five,,
aljemax/johnny-five,,
alperbek/johnny-five,,
AlphaNerd/johnny-five,,
alwasa0b/johnny-five,,
alysiawu/johnny-five,,
Amirus/johnny-five,,
amsourav/johnny-five,,
andres-root/johnny-five,,
andrewn/johnny-five,,
andrewsmyk/johnny-five,,
AndreyAyres/johnny-five,,
andriyl/johnny-five,,
angelmedijo/johnny-five,,
anhhai986/johnny-five,,
anilpai/johnny-five,,
anmolonruby/johnny-five,,
AnnaGerber/johnny-five,,
annak1n/johnny-five,,
anthrax3/johnny-five,,
antoniomolinadev/johnny-five,,
antwal/johnny-five,,
anvaron/johnny-five,,
Anzumana/johnny-five,,
apfunk/johnny-five,,
aplsms/johnny-five,,
AppSaloon/johnny-five,,
ar1kumar/johnny-five,,
ArduinoMinas/johnny-five,,
aredridel/johnny-five,,
arezki1990/johnny-five,,
ArunkumarRamanan/johnny-five,,
asabzposh/johnny-five,,
ashihsKumar713/johnny-five,,
ashishkashinath/johnny-five,,
ashishnigam/johnny-five,,
ashleygwilliams/johnny-five,,
ashumeow/johnny-five,,
AstakhovArtem/johnny-five,,
athmangude/johnny-five,,
aulvi/johnny-five,,
aurangzaib/johnny-five,,
av4me/johnny-five,,
avermeulen/johnny-five,,
AwelEshetu/johnny-five,,
awong1900/johnny-five,,
Axure/johnny-five,,
aychtang/johnny-five,,
Aylr/johnny-five,,
AztechDesign/johnny-five,,
b1nch3f/johnny-five,,
baaxl9vh/johnny-five,,
bahamut657/johnny-five,,
baird/johnny-five,,
bajkad/johnny-five,,
Bakucolo/johnny-five,,
balda/johnny-five,,
BandanaKM/johnny-five,,
bangtree/johnny-five,,
bbx10/johnny-five,,
bcjordan/johnny-five,,
beetaa/johnny-five,,
bellbm/johnny-five,,
Beloit/johnny-five,,
ben--/johnny-five,,
bendspoons/johnny-five,,
bengillies/johnny-five,,
benhalverson/johnny-five,,
bennotti/johnny-five,,
beriberikix/johnny-five,,
bermi/johnny-five,,
bhandaribhumin/johnny-five,,
BigBoss21X/johnny-five,,
billgathen/johnny-five,,
BillTheBest/johnny-five,,
biranchi2018/johnny-five,,
birthdayalex/johnny-five,,
bissonex/johnny-five,,
blaines/johnny-five,,
Blind3y3Design/johnny-five,,
bmeck/johnny-five,,
boazjohn/johnny-five,,
BobAfwata/johnny-five,,
boneskull/johnny-five,,
BorisKourt/johnny-five,,
botverse/johnny-five,,
bouda/johnny-five,,
bradparks/johnny-five,,
brainrake/johnny-five,,
brevvi/johnny-five,,
brianarn/johnny-five,,
BrianGenisio/johnny-five,,
joshholmes/johnny-five,,
brianloveswords/johnny-five,,
brunnerjosh/johnny-five,,
brunonepomuceno/johnny-five,,
burger4you/johnny-five,,
buritica/johnny-five,,
bveeraswamy/johnny-five,,
bx5974/johnny-five,,
byg/johnny-five,,
byronhulcher/johnny-five,,
cainiao1989/johnny-five,,
cambricorp/johnny-five,,
CaptEmulation/johnny-five,,
carlos-yasmany/johnny-five,,
carlosfh87/johnny-five,,
carlosronchibr/johnny-five,,
ccarruitero/johnny-five,,
cchamikara/johnny-five,,
ccJUN/johnny-five,,
ccollins1544/johnny-five,,
cdsunny/johnny-five,,
cequencer/johnny-five,,
cesarbruno16/johnny-five,,
cesarmarinhorj/johnny-five,,
cesarwerlich/johnny-five,,
cethap/johnny-five,,
cgack/johnny-five,,
chacalhell/johnny-five,,
chanakaDe/johnny-five,,
chandimab/johnny-five,,
ChaoticNeutralCode/johnny-five,,
chaqui/johnny-five,,
charliegerard/johnny-five,,
charygao/johnny-five,,
chengqs/johnny-five,,
chentsulin/johnny-five,,
chenymin/johnny-five,,
chenyuan8059/johnny-five,,
chinnyannieb/johnny-five,,
cholical/johnny-five,,
chrkaatz/johnny-five,,
chrusttt/johnny-five,,
chuycepeda/johnny-five,,
Cinetryx/johnny-five,,
cjbaezilla/johnny-five,,
ckaatz-here/johnny-five,,
Claercio/johnny-five,,
claudioldf/johnny-five,,
clebens/johnny-five,,
Cloudxtreme/johnny-five,,
cloudzombie/johnny-five,,
codazzo/johnny-five,,
code-dot-org/johnny-five,,
code-dot-org/johnny-five,,
jiniaoxu/johnny-five,,
reference-project/johnny-five,,
codedogi/johnny-five,,
codefoster/johnny-five,,
codetronic/johnny-five,,
CoericK/johnny-five,,
come-maiz/johnny-five,,
CommanderRoot/johnny-five,,
connortreacy/johnny-five,,
coocon/johnny-five,,
cooljl31/johnny-five,,
creativeprogramming/johnny-five,,
crystal520/johnny-five,,
cube3power/johnny-five,,
cucygh/johnny-five,,
cumeadi/johnny-five,,
cybernetics/johnny-five,,
Cydev2306/johnny-five,,
CzechUavGuy/johnny-five,,
D-zz/johnny-five,,
d900139/johnny-five,,
daguike/johnny-five,,
dalestone/johnny-five,,
DamianMcNulty/johnny-five,,
danieltaborda/johnny-five,,
DarkSyd/johnny-five,,
Darktt/johnny-five,,
darnaud/johnny-five,,
daveek/johnny-five,,
davepowell/johnny-five,,
daviddias/johnny-five,,
davidworkman9/johnny-five,,
dcerisano/johnny-five,,
dcubasoy/johnny-five,,
deathbearbrown/johnny-five,,
debian789/johnny-five,,
degouville/johnny-five,,
dejora/johnny-five,,
delgad9/johnny-five,,
DennisMartinez/johnny-five,,
derekwheee/johnny-five,,
derk/johnny-five,,
devarya/johnny-five,,
devildeveloper/johnny-five,,
devmonkZA/johnny-five,,
devth/johnny-five,,
dinamahmoud/johnny-five,,
dioscarey/johnny-five,,
divanvisagie/johnny-five,,
diyjack/johnny-five,,
Django0505/johnny-five,,
djsauble/johnny-five,,
dm-media/johnny-five,,
dmiracle/johnny-five,,
dmoranj/johnny-five,,
dmrieder/johnny-five,,
dmsherazi/johnny-five,,
dnarvaezt/johnny-five,,
dnavarrom/johnny-five,,
dogmar/johnny-five,,
donaldaverill/johnny-five,,
DonGambas/johnny-five,,
donthi/johnny-five,,
dougseven/johnny-five,,
dr-viridis/johnny-five,,
droidenator/johnny-five,,
dsanders11/johnny-five,,
dtex/johnny-five,,
Dav-v/johnny-five,,
dunk8888/johnny-five,,
dwayn/johnny-five,,
e-p-katz/johnny-five,,
ecsoft/johnny-five,,
edmondpr/johnny-five,,
edutrul/johnny-five,,
ega1979/johnny-five,,
eidderf/johnny-five,,
eins78/johnny-five,,
ElectroWAR/johnny-five,,
eledir/johnny-five,,
elin-moco/johnny-five,,
eliot-akira/johnny-five,,
EmaSuriano/johnny-five,,
ememumoh/johnny-five,,
emoritani/johnny-five,,
Engeltj/johnny-five,,
EnriqueV/johnny-five,,
er1x/johnny-five,,
Erbolking/johnny-five,,
ergose/johnny-five,,
ericandrewlewis/johnny-five,,
EricCat/johnny-five,,
ericdai/johnny-five,,
ericduvon/johnny-five,,
erlhermit/johnny-five,,
esauOp/johnny-five,,
etoxin/johnny-five,,
Eudecio/johnny-five,,
eujc21/johnny-five,,
evancohen/johnny-five,,
evanxd/johnny-five,,
evervasquez/johnny-five,,
excalliburbd/johnny-five,,
f3r/johnny-five,,
fabiancarlos/johnny-five,,
fabianRBN/johnny-five,,
felipedealbuquerque/johnny-five,,
FelixZhang00/johnny-five,,
femotizo/johnny-five,,
Ferjapolis/johnny-five,,
ferland/johnny-five,,
Ferritas/johnny-five,,
fexploit/johnny-five,,
FezVrasta/johnny-five,,
fhmd94/johnny-five,,
finson/johnny-five,,
fMads/johnny-five,,
FotoVerite/johnny-five,,
fourks/johnny-five,,
frederikprijck/johnny-five,,
FrediBach/johnny-five,,
frnkxiao/johnny-five,,
frogeraie/johnny-five,,
fsamir/johnny-five,,
fxue/johnny-five,,
Gabrielmtn/johnny-five,,
gaguilar/johnny-five,,
gaoxl/johnny-five,,
gapgag55/johnny-five,,
garrows/johnny-five,,
davidtsuji/johnny-five,,
gchacko/johnny-five,,
gchristou/johnny-five,,
gdseller/johnny-five,,
gedeagas/johnny-five,,
gedion/johnny-five,,
geek/johnny-five,,
GeekFreaker/johnny-five,,
gentle-noah/johnny-five,,
gflerm/johnny-five,,
giripe/johnny-five,,
gitter-badger/johnny-five,,
suprememoocow/johnny-five,,
gkavaturi/johnny-five,,
gmaguire/johnny-five,,
gmuraleekrishna/johnny-five,,
gnarf/johnny-five,,
goesjaya/johnny-five,,
goetzmoritz/johnny-five,,
gokhandeveloper/johnny-five,,
gokmonk/johnny-five,,
goncaloluis89/johnny-five,,
gopalindians/johnny-five,,
gorhgorh/johnny-five,,
gottreu/johnny-five,,
graysonarts/johnny-five,,
Grisson/johnny-five,,
guerini/johnny-five,,
guyroyse/johnny-five,,
h2atecnologia/johnny-five,,
HadassahMyers/johnny-five,,
HansS/johnny-five,,
Haobot/johnny-five,,
HaraldNordgren/johnny-five,,
hardbap/johnny-five,,
harishanchu/johnny-five,,
harishgadde/johnny-five,,
Harpalus/johnny-five,,
haru01/johnny-five,,
hattallipuneet/johnny-five,,
haugstrup/johnny-five,,
haukri/johnny-five,,
hbt272/johnny-five,,
hdmchl/johnny-five,,
healtech/johnny-five,,
hectonpdomingos/johnny-five,,
hellopat/johnny-five,,
HelloYu/johnny-five,,
henricavalcante/johnny-five,,
heptapod42/johnny-five,,
hhy5277/johnny-five,,
hiattp/johnny-five,,
HipsterBrown/johnny-five,,
hoangpq/johnny-five,,
HossamBalaha/johnny-five,,
hotkee/johnny-five,,
hotsmile/johnny-five,,
hugs/johnny-five,,
huntercaron/johnny-five,,
hyaska/johnny-five,,
hyokosdeveloper/johnny-five,,
hyukhur/johnny-five,,
IainIsCreative/johnny-five,,
iani/johnny-five,,
ibnutri/johnny-five,,
ichuythong/johnny-five,,
idiot-io/johnny-five,,
idkwim/johnny-five,,
ikennyfallas/johnny-five,,
Ikovic-lab/johnny-five,,
imclab/johnny-five,,
ingrid/johnny-five,,
intfrr/johnny-five,,
iolkoz/johnny-five,,
ionejfneto/johnny-five,,
iPaddy/johnny-five,,
iros/johnny-five,,
is00hcw/johnny-five,,
isuman/johnny-five,,
italoadler/johnny-five,,
italoarruda/johnny-five,,
itchylibido/johnny-five,,
ivanfretes/johnny-five,,
izemkung/johnny-five,,
j0c/johnny-five,,
jacbop/johnny-five,,
JakeHartnell/johnny-five,,
jakejacobs/johnny-five,,
jamidwyer/johnny-five,,
japgdragon/johnny-five,,
jaredmansaakintola/johnny-five,,
jatpat/johnny-five,,
javanesse/johnny-five,,
jaydeepvomex/johnny-five,,
jbattershell/johnny-five,,
jblanche/johnny-five,,
jcanaves/johnny-five,,
jcblw/johnny-five,,
Jchavez/johnny-five,,
jdsiddon/johnny-five,,
jeevika117/johnny-five,,
jefflembeck/johnny-five,,
jemgold/johnny-five,,
jeremywallace/johnny-five,,
jeseekia/johnny-five,,
jesueljr/johnny-five,,
JFernandoGomez/johnny-five,,
jffernandez/johnny-five,,
jgautier/johnny-five,,
jgordon123/johnny-five,,
jhackGC/johnny-five,,
jhalbrecht/johnny-five,,
jiakuaibu/johnny-five,,
JimGeek/johnny-five,,
jimly1032/johnny-five,,
jmorrell/johnny-five,,
jnasoy/johnny-five,,
jochasinga/johnny-five,,
joeynimu/johnny-five,,
jogkunal5/johnny-five,,
johan--/johnny-five,,
johnbridstrup/johnny-five,,
johnnyg3p/johnny-five,,
JohnnyMa/johnny-five,,
jonathanmarvens/johnny-five,,
Jonekee/johnny-five,,
jonesheckler/johnny-five,,
jonmarkgo/johnny-five,,
jonnylynchy/johnny-five,,
jorgenocedal/johnny-five,,
jorgeucano/johnny-five,,
jorydotcom/johnny-five,,
joshuapinter/johnny-five,,
JpEncausse/johnny-five,,
jpetitcolas/johnny-five,,
jpoo90/johnny-five,,
jsoltysiak/johnny-five,,
jtbonhomme/johnny-five,,
jthomas077/johnny-five,,
jugglinmike/johnny-five,,
jukra/johnny-five,,
julianduque/johnny-five,,
JulianoCristian/johnny-five,,
juliofreitas/johnny-five,,
junteudjio/johnny-five,,
junydania/johnny-five,,
JustinBeaudry/johnny-five,,
justinriggio/johnny-five,,
jxcjxcjzx/johnny-five,,
jzaefferer/johnny-five,,
K1332413/johnny-five,,
kadupenido/johnny-five,,
kakeman/johnny-five,,
kaleemullah360/johnny-five,,
kamillacsegzi/johnny-five,,
kangu/johnny-five,,
kanthgithub/johnny-five,,
karayakar/johnny-five,,
karthikmunsu/johnny-five,,
kartjang/johnny-five,,
KatieK2/johnny-five,,
kchecker/johnny-five,,
kelly/johnny-five,,
kendelljoseph/johnny-five,,
kenken64/johnny-five,,
kennergf/johnny-five,,
KeptM/johnny-five,,
kevinboudot/johnny-five,,
KevinEverywhere/johnny-five,,
KevinGrandon/johnny-five,,
khamdan/johnny-five,,
kisoon/johnny-five,,
kisPocok/johnny-five,,
kiwox/johnny-five,,
kmaedaz/johnny-five,,
knfinkel/johnny-five,,
kobymaster/johnny-five,,
kod3r/johnny-five,,
kokossoppa/johnny-five,,
konstantinaMavridou/johnny-five,,
Kotrotsos/johnny-five,,
krisp1/johnny-five,,
kss160992/johnny-five,,
ktbee/johnny-five,,
kuangyunsheng/johnny-five,,
kueckermann/johnny-five,,
kurapikats/johnny-five,,
kustomzone/johnny-five,,
KyawNaingTun/johnny-five,,
LAB75JP/johnny-five,,
lagman/johnny-five,,
LahiruDraco/johnny-five,,
lairortega/johnny-five,,
lamproae/johnny-five,,
lamuria/johnny-five,,
lancety/johnny-five,,
larsonj/johnny-five,,
lastmjs/johnny-five,,
lauro-cesar/johnny-five,,
lcpo/johnny-five,,
leeggco/johnny-five,,
leehaesung/johnny-five,,
leg1o/johnny-five,,
legzy27/johnny-five,,
lemonhall/johnny-five,,
leobalter/johnny-five,,
leokhoa/johnny-five,,
LeonardoEnriquez/johnny-five,,
Leopp33/johnny-five,,
leotron/johnny-five,,
letranloc/johnny-five,,
levishi/johnny-five,,
leyap/johnny-five,,
linearregression/johnny-five,,
linkwisdom/johnny-five,,
liufeigit/johnny-five,,
ljmljz/johnny-five,,
Lockmaster/johnny-five,,
loveq369/johnny-five,,
lpaxton/johnny-five,,
lprader/johnny-five,,
lris/johnny-five,,
lrlna/johnny-five,,
lucasjmoore/johnny-five,,
lucciano/johnny-five,,
LuckyLiski/johnny-five,,
luffycheung/johnny-five,,
lugearma/johnny-five,,
luisabellan/johnny-five,,
luisbrito/johnny-five,,
luisleao/johnny-five,,
luizstacio/johnny-five,,
lujialiang/johnny-five,,
luteg-software/johnny-five,,
lvjh/johnny-five,,
lyzadanger/johnny-five,,
mabo77/johnny-five,,
macressler/johnny-five,,
madelavega/johnny-five,,
madjidtaha/johnny-five,,
maferjiza/johnny-five,,
mailmahee/johnny-five,,
makenai/johnny-five,,
mako34/johnny-five,,
Malandrazi/johnny-five,,
manduks/johnny-five,,
manishperiwal2009/johnny-five,,
manolaz/johnny-five,,
manrajgrover/johnny-five,,
mansuleman/johnny-five,,
manuraj/johnny-five,,
marabesi/johnny-five,,
marcbenito/johnny-five,,
joeromero/johnny-five,,
marcoscaceres/johnny-five,,
marcosf63/johnny-five,,
margyle/johnny-five,,
marinalimeira/johnny-five,,
marleyiam/johnny-five,,
marlncpe/johnny-five,,
maroussil/johnny-five,,
martinsv/johnny-five,,
martinwoitzik/johnny-five,,
Marttiboy/johnny-five,,
master-stm/johnny-five,,
Mateio/johnny-five,,
mathpunk/johnny-five,,
matt611/johnny-five,,
matthiashh/johnny-five,,
mattimatti/johnny-five,,
mattl/johnny-five,,
mattp94/johnny-five,,
mauricioduqueorozco/johnny-five,,
max-hans/johnny-five,,
maxerbubba/johnny-five,,
maxi032/johnny-five,,
MaxiDeMuro/johnny-five,,
maxwellmandela/johnny-five,,
MBing/johnny-five,,
mblayer/johnny-five,,
Mcklem/johnny-five,,
mcollina/johnny-five,,
mcpdob/johnny-five,,
mdlima/johnny-five,,
meech-ward/johnny-five,,
mehmetkursunlu/johnny-five,,
mfcardenas/johnny-five,,
mgarciat1090/johnny-five,,
MHarris021/johnny-five,,
mhor/johnny-five,,
mibb005/johnny-five,,
michaelha/johnny-five,,
michaeljfazio/johnny-five,,
Michal-Miky-Jankovsky/johnny-five,,
michalliu/johnny-five,,
michaltaberski/johnny-five,,
microbial/johnny-five,,
midroid/johnny-five,,
migueldev/johnny-five,,
mihado/johnny-five,,
mikesherov/johnny-five,,
mimmoLinino/johnny-five,,
minhchuduc/johnny-five,,
MintyMods/johnny-five,,
misterzirillo/johnny-five,,
mitesh91/johnny-five,,
mitlab/johnny-five,,
mizbit/johnny-five,,
mkirank/johnny-five,,
mkopcic/johnny-five,,
mobleil/johnny-five,,
MohsenKasiri/johnny-five,,
Mohxin/johnny-five,,
moi65/johnny-five,,
moleculesynth/johnny-five,,
monteslu/johnny-five,,
MoonMoon85/johnny-five,,
mpbod/johnny-five,,
mrexroad/johnny-five,,
mrmb/johnny-five,,
MrMugiwara/johnny-five,,
mscndle/johnny-five,,
msegeya/johnny-five,,
msthomaz/johnny-five,,
munk/johnny-five,,
muyaedward/johnny-five,,
mven/johnny-five,,
mwittig/johnny-five,,
mychaelgo/johnny-five,,
myl142857/johnny-five,,
naeluh/johnny-five,,
nagyist/johnny-five,,
nalakawula/johnny-five,,
namaljayathunga/johnny-five,,
Nash171/johnny-five,,
nbalcom/johnny-five,,
ncrohn/johnny-five,,
ncwhale/johnny-five,,
nebrius/johnny-five,,
negherbon/johnny-five,,
nelsonfrugeri/johnny-five,,
neomatrixcode/johnny-five,,
neopunisher/johnny-five,,
neviim/johnny-five,,
newty505/johnny-five,,
ngandamalla/johnny-five,,
ngesa254/johnny-five,,
nguidi/johnny-five,,
ngwechi/johnny-five,,
NhokCrazy199/johnny-five,,
nhzandi/johnny-five,,
nibaren2012/johnny-five,,
nicksort/johnny-five,,
nickstew/johnny-five,,
nisen/johnny-five,,
NithyaNingegowda/johnny-five,,
njenkins/johnny-five,,
nloding/johnny-five,,
nmelin/johnny-five,,
node-migrator-bot/johnny-five,,
nodebotanist/johnny-five,,
noopkat/johnny-five,,
nrfm/johnny-five,,
nullvariable/johnny-five,,
nunb/johnny-five,,
nunodotferreira/johnny-five,,
nurfaizfoat/johnny-five,,
nurulimamnotes/johnny-five,,
nvcexploder/johnny-five,,
objectiveSee/johnny-five,,
obsoleted/johnny-five,,
oeeckhoutte/johnny-five,,
okeowo/johnny-five,,
omnius45467/johnny-five,,
OpenGelo/johnny-five,,
openokay/johnny-five,,
openube/johnny-five,,
opheliasdaisies/johnny-five,,
optikfluffel/johnny-five,,
orban/johnny-five,,
orchestor/johnny-five,,
oscarsalu/johnny-five,,
oscaryunue/johnny-five,,
OttoH/johnny-five,,
overflowz/johnny-five,,
pacozaa/johnny-five,,
pageboy-za/johnny-five,,
palaa159/johnny-five,,
Paperhouse-Brewing/johnny-five,,
pariosa/johnny-five,,
PatrickEifler/johnny-five,,
paulkokos/johnny-five,,
paultag/johnny-five,,
pcedison/johnny-five,,
pdehaan/johnny-five,,
pearldrift/johnny-five,,
pedronaves/johnny-five,,
pedropauloportella/johnny-five,,
pencaster/johnny-five,,
phaethom/johnny-five,,
PhenixH/johnny-five,,
phpmind/johnny-five,,
pie-ai/johnny-five,,
pierceray/johnny-five,,
pjobson/johnny-five,,
plaeh/johnny-five,,
plamen1982/johnny-five,,
plumcube/johnny-five,,
pofman/johnny-five,,
polymaze/johnny-five,,
pperera9/johnny-five,,
prabhjotSL/johnny-five,,
praneybehl/johnny-five,,
praveenjha527/johnny-five,,
prayagverma/johnny-five,,
Pre2010/johnny-five,,
prmondal/johnny-five,,
Protonk/johnny-five,,
pschroedl/johnny-five,,
puhua/johnny-five,,
pvgennip/johnny-five,,
Q314TRA/johnny-five,,
Qard/johnny-five,,
Qix-/johnny-five,,
qomo/johnny-five,,
Quasimonastic/johnny-five,,
quatmo/johnny-five,,
quintendewilde/johnny-five,,
qwe10251025/johnny-five,,
r8-forks/johnny-five,,
rachelnicole/johnny-five,,
RafalSladek/johnny-five,,
rajbharath/johnny-five,,
rakesh-mohanta/johnny-five,,
randallagordon/johnny-five,,
RatulGhosh/johnny-five,,
RaulDom/johnny-five,,
ravihansa3000/johnny-five,,
ravimadan86/johnny-five,,
raymondSeger/johnny-five,,
rca32/johnny-five,,
rdaddis/johnny-five,,
rdepena/johnny-five,,
reactcoder-it/johnny-five,,
reconbot/johnny-five,,
reddysridhar53/johnny-five,,
refaqtor/johnny-five,,
resilva/johnny-five,,
Resseguie/johnny-five,,
rexpie/johnny-five,,
rhys-vdw/johnny-five,,
ribbo/johnny-five,,
ricardoadapnet/johnny-five,,
rizqevo/johnny-five,,
rjnpnigrhi/johnny-five,,
rmoorman/johnny-five,,
rmurphey/johnny-five,,
roadlabs/johnny-five,,
robedge/johnny-five,,
robotfreak/johnny-five,,
robwilde/johnny-five,,
rockbot/johnny-five,,
RodolfoSilva/johnny-five,,
rogeriofontes/johnny-five,,
roneichiarandi/johnny-five,,
roniwahyu/johnny-five,,
RossAD/johnny-five,,
rossanag/johnny-five,,
rpedersen/johnny-five,,
RuanAragao/johnny-five,,
rudacs/johnny-five,,
rudemex/johnny-five,,
runc/johnny-five,,
runningBuffalo/johnny-five,,
ruswerner/johnny-five,,
rwhazlehurst/johnny-five,,
ryanjgill/johnny-five,,
ryanneufeld/johnny-five,,
sagitsofan/johnny-five,,
Samda/johnny-five,,
samjulien/johnny-five,,
sandeepsingh2383/johnny-five,,
sangkyunyoon/johnny-five,,
sanyaade-teachings/johnny-five,,
SaraJo/johnny-five,,
sayanee/johnny-five,,
schneidermr/johnny-five,,
schuttsm/johnny-five,,
scottburch/johnny-five,,
scottgonzalez/johnny-five,,
yahame/johnny-five,,
scottkellie/johnny-five,,
sdesalas/johnny-five,,
sdy8181/johnny-five,,
seanhussey/johnny-five,,
selukov/johnny-five,,
Senet8/johnny-five,,
Senhordim/johnny-five,,
seuzht/johnny-five,,
shakirmengrani/johnny-five,,
shanawarkhan/johnny-five,,
Shane-Lester/johnny-five,,
sharpmonkey/johnny-five,,
shejiJiang/johnny-five,,
shekaroppo/johnny-five,,
shimnex/johnny-five,,
shiva16/johnny-five,,
shivamanhar/johnny-five,,
shrikantlokhande09/johnny-five,,
shtspk/johnny-five,,
shuhblam/johnny-five,,
shwinnbin/johnny-five,,
si-mikey/johnny-five,,
SiChiTong/johnny-five,,
sidiqahmed/johnny-five,,
silver2row/johnny-five,,
silvioclipper/johnny-five,,
simaodev/johnny-five,,
siyantombela/johnny-five,,
sjasperse/johnny-five,,
smallkid/johnny-five,,
smedegaard/johnny-five,,
smoya/johnny-five,,
smpcph/johnny-five,,
sofianhw/johnny-five,,
SotirisValogiannis/johnny-five,,
southwhale/johnny-five,,
sovr610/johnny-five,,
SPavelV/johnny-five,,
SQav3/johnny-five,,
sreenathareddy-kr/johnny-five,,
sschepis/johnny-five,,
stevekinney/johnny-five,,
SteveStrong/johnny-five,,
stop1409/johnny-five,,
stresslimit/johnny-five,,
styfle/johnny-five,,
suparit/johnny-five,,
suresh44t/johnny-five,,
surjit/johnny-five,,
sushantlp/johnny-five,,
susiloharjo/johnny-five,,
svbatalov/johnny-five,,
svivekvarma/johnny-five,,
sw8fbar/johnny-five,,
swkhnb/johnny-five,,
syzer/johnny-five,,
szuke/johnny-five,,
tachyean/johnny-five,,
taha/johnny-five,,
taikookid/johnny-five,,
TaimurAyaz/johnny-five,,
taktran/johnny-five,,
talwaserman/johnny-five,,
Tambralinga/johnny-five,,
TangentialTopic/johnny-five,,
tarek360/johnny-five,,
tattyu/johnny-five,,
tazjel/johnny-five,,
tbranyen/johnny-five,,
x86Labs/johnny-five,,
tdd/johnny-five,,
Team-Codelab/johnny-five,,
Techda/johnny-five,,
techieinme/johnny-five,,
thanasak/johnny-five,,
theguybieber/johnny-five,,
themiken/johnny-five,,
thesagarsutar/johnny-five,,
thieman/johnny-five,,
thisisyusuf/johnny-five,,
thorikawa/johnny-five,,
ThunderPower/johnny-five,,
tiagopossato/johnny-five,,
tianzhihen/johnny-five,,
tiegz/johnny-five,,
tikurahul/johnny-five,,
tim6808/johnny-five,,
timolee/johnny-five,,
tmpvar/johnny-five,,
toby4548/johnny-five,,
tooshel/johnny-five,,
tpgmartin/johnny-five,,
tpz22rc/johnny-five,,
Traverso/johnny-five,,
travnels/johnny-five,,
trenchmortar/johnny-five,,
Troland/johnny-five,,
Trolieb/johnny-five,,
tronsha/johnny-five,,
tronsoft/johnny-five,,
troyth/johnny-five,,
TSC21/johnny-five,,
twalker/johnny-five,,
tyeth/johnny-five,,
ududsha/johnny-five,,
ultimatumvizz/johnny-five,,
UnsupportedCallbackException/johnny-five,,
v-dorosh/johnny-five,,
VadimSVB/johnny-five,,
Val9/johnny-five,,
VALCODAV/johnny-five,,
valterfc/johnny-five,,
vathsav/johnny-five,,
venelinpetrov/johnny-five,,
vespakoen/johnny-five,,
vevedh/johnny-five,,
vhsalazar/johnny-five,,
vichuda/johnny-five,,
vinimontanheiro/johnny-five,,
vishnucr/johnny-five,,
vitaliy-hnatyk/johnny-five,,
vkarampinis/johnny-five,,
vladikoff/johnny-five,,
voodootikigod/johnny-five,,
vped/johnny-five,,
vranjan/johnny-five,,
VRDate/johnny-five,,
vrubiolo/johnny-five,,
VRuzhentsov/johnny-five,,
vsakaria/johnny-five,,
vu2lid/johnny-five,,
VVillar/johnny-five,,
vzqzac/johnny-five,,
wakashige/johnny-five,,
wallacemax/johnny-five,,
waltercassiano/johnny-five,,
wanily/johnny-five,,
warycat/johnny-five,,
wassekaran/johnny-five,,
Waterloo/johnny-five,,
watson/johnny-five,,
WatsonWangSZ/johnny-five,,
webboyvc/johnny-five,,
webin/johnny-five,,
webintegrity/johnny-five,,
wehrhaus/johnny-five,,
WelingtonMonteiro/johnny-five,,
westerngekko/johnny-five,,
Whyounes/johnny-five,,
wicked7578/johnny-five,,
wildfireone/johnny-five,,
winning1120xx/johnny-five,,
wmv/johnny-five,,
wswoodruff/johnny-five,,
xeronith/johnny-five,,
xfyecn/johnny-five,,
xhava/johnny-five,,
xiebaochun/johnny-five,,
xinbusiqq/johnny-five,,
xqjibz/johnny-five,,
xxtochoxx/johnny-five,,
yakmoose/johnny-five,,
YaoQ/johnny-five,,
yaozhang/johnny-five,,
yardfarmer/johnny-five,,
YComputer/johnny-five,,
yinxx/johnny-five,,
ykominami/johnny-five,,
ynyonato/johnny-five,,
yock/johnny-five,,
yongnan0809/johnny-five,,
yonoo/johnny-five,,
yusuke86099/johnny-five,,
yuta2/johnny-five,,
yz2428/johnny-five,,
warshawshaw/johnny-five,,
zakayothuku/johnny-five,,
zed9/johnny-five,,
zekeApps/johnny-five,,
zenmakerlab/johnny-five,,
zeroonedev/johnny-five,,
zeroyou/johnny-five,,
zhangrelay/johnny-five,,
zhuomingliang/johnny-five,,
zhuqling/johnny-five,,
zhuzhe1983/johnny-five,,
Ziyad2/johnny-five,,
zmorgan87/johnny-five,,
zomie/johnny-five,,
ZulfiqarAkram/johnny-five,,
