Reposit√≥rio Original,Nome do Fork,Owner do Fork,URL do Owner,Link do Fork
jetson-cloudnative-demo,guyueyulong/jetson-cloudnative-demo,guyueyulong,https://github.com/guyueyulong,https://github.com/guyueyulong/jetson-cloudnative-demo
jetson-cloudnative-demo,wizyke/jetson-cloudnative-demo,wizyke,https://github.com/wizyke,https://github.com/wizyke/jetson-cloudnative-demo
jetson-cloudnative-demo,sberdachuk-epam/jetson-cloudnative-demo,sberdachuk-epam,https://github.com/sberdachuk-epam,https://github.com/sberdachuk-epam/jetson-cloudnative-demo
jetson-cloudnative-demo,Jordanresearch/jetson-cloudnative-demo,Jordanresearch,https://github.com/Jordanresearch,https://github.com/Jordanresearch/jetson-cloudnative-demo
jetson-cloudnative-demo,bblwg2020/jetson-cloudnative-demo,bblwg2020,https://github.com/bblwg2020,https://github.com/bblwg2020/jetson-cloudnative-demo
jetson-cloudnative-demo,ftsboss/jetson-cloudnative-demo,ftsboss,https://github.com/ftsboss,https://github.com/ftsboss/jetson-cloudnative-demo
jetson-cloudnative-demo,isabella232/jetson-cloudnative-demo,isabella232,https://github.com/isabella232,https://github.com/isabella232/jetson-cloudnative-demo
jetson-cloudnative-demo,307509256/jetson-cloudnative-demo,307509256,https://github.com/307509256,https://github.com/307509256/jetson-cloudnative-demo
jetson-cloudnative-demo,PacificHongyang/jetson-cloudnative-demo,PacificHongyang,https://github.com/PacificHongyang,https://github.com/PacificHongyang/jetson-cloudnative-demo
jetson-cloudnative-demo,ruabliuqiu/jetson-cloudnative-demo,ruabliuqiu,https://github.com/ruabliuqiu,https://github.com/ruabliuqiu/jetson-cloudnative-demo
jetson-cloudnative-demo,todaysky1234/jetson-cloudnative-demo,todaysky1234,https://github.com/todaysky1234,https://github.com/todaysky1234/jetson-cloudnative-demo
jetson-cloudnative-demo,SunWei-1751206/jetson-cloudnative-demo,SunWei-1751206,https://github.com/SunWei-1751206,https://github.com/SunWei-1751206/jetson-cloudnative-demo
jetson-cloudnative-demo,OhHandsome/jetson-cloudnative-demo,OhHandsome,https://github.com/OhHandsome,https://github.com/OhHandsome/jetson-cloudnative-demo
jetson-cloudnative-demo,pguanhai/jetson-cloudnative-demo,pguanhai,https://github.com/pguanhai,https://github.com/pguanhai/jetson-cloudnative-demo
jetson-cloudnative-demo,ClassNotDefined/jetson-cloudnative-demo,ClassNotDefined,https://github.com/ClassNotDefined,https://github.com/ClassNotDefined/jetson-cloudnative-demo
jetson-cloudnative-demo,GaryHalo/jetson-cloudnative-demo,GaryHalo,https://github.com/GaryHalo,https://github.com/GaryHalo/jetson-cloudnative-demo
jetson-cloudnative-demo,snapbuy/jetson-cloudnative-demo,snapbuy,https://github.com/snapbuy,https://github.com/snapbuy/jetson-cloudnative-demo
jetson-cloudnative-demo,mailyupeng/jetson-cloudnative-demo,mailyupeng,https://github.com/mailyupeng,https://github.com/mailyupeng/jetson-cloudnative-demo
jetson-cloudnative-demo,msobreira27/jetson-cloudnative-demo,msobreira27,https://github.com/msobreira27,https://github.com/msobreira27/jetson-cloudnative-demo
jetson-cloudnative-demo,JanetSe/jetson-cloudnative-demo,JanetSe,https://github.com/JanetSe,https://github.com/JanetSe/jetson-cloudnative-demo
jetson-cloudnative-demo,Cobionix/jetson-cloudnative-demo,Cobionix,https://github.com/Cobionix,https://github.com/Cobionix/jetson-cloudnative-demo
jetson-cloudnative-demo,jingcosmos/jetson-cloudnative-demo,jingcosmos,https://github.com/jingcosmos,https://github.com/jingcosmos/jetson-cloudnative-demo
jetson-cloudnative-demo,seccouser/jetson-cloudnative-demo,seccouser,https://github.com/seccouser,https://github.com/seccouser/jetson-cloudnative-demo
jetson-cloudnative-demo,zhangjiwei-japan/jetson-cloudnative-demo,zhangjiwei-japan,https://github.com/zhangjiwei-japan,https://github.com/zhangjiwei-japan/jetson-cloudnative-demo
jetson-cloudnative-demo,qqq-tech/jetson-cloudnative-demo,qqq-tech,https://github.com/qqq-tech,https://github.com/qqq-tech/jetson-cloudnative-demo
jetson-cloudnative-demo,neuroidss/jetson-cloudnative-demo,neuroidss,https://github.com/neuroidss,https://github.com/neuroidss/jetson-cloudnative-demo
jetson-cloudnative-demo,land007/jetson-cloudnative-demo,land007,https://github.com/land007,https://github.com/land007/jetson-cloudnative-demo
jetson-cloudnative-demo,bobby20180331/jetson-cloudnative-demo,bobby20180331,https://github.com/bobby20180331,https://github.com/bobby20180331/jetson-cloudnative-demo
jetson-cloudnative-demo,andrewcheny/jetson-cloudnative-demo,andrewcheny,https://github.com/andrewcheny,https://github.com/andrewcheny/jetson-cloudnative-demo
jetson-cloudnative-demo,robertdigital/jetson-cloudnative-demo,robertdigital,https://github.com/robertdigital,https://github.com/robertdigital/jetson-cloudnative-demo
hias-core,ideasincrypto/hias-core,ideasincrypto,https://github.com/ideasincrypto,https://github.com/ideasincrypto/hias-core
hias-core,ddai00bit/hias-core,ddai00bit,https://github.com/ddai00bit,https://github.com/ddai00bit/hias-core
hias-core,richiejeremiah/hias-core,richiejeremiah,https://github.com/richiejeremiah,https://github.com/richiejeremiah/hias-core
hias-core,aria1991/hias-core,aria1991,https://github.com/aria1991,https://github.com/aria1991/hias-core
hias-core,Anoop14591/hias-core,Anoop14591,https://github.com/Anoop14591,https://github.com/Anoop14591/hias-core
hias-core,AdamMiltonBarker/hias-core,AdamMiltonBarker,https://github.com/AdamMiltonBarker,https://github.com/AdamMiltonBarker/hias-core
HIAS,Nitin-Mane/HIAS,Nitin-Mane,https://github.com/Nitin-Mane,https://github.com/Nitin-Mane/HIAS
HIAS,amirunpri2018/HIAS,amirunpri2018,https://github.com/amirunpri2018,https://github.com/amirunpri2018/HIAS
HIAS,Specktroman/HIAS,Specktroman,https://github.com/Specktroman,https://github.com/Specktroman/HIAS
HIAS,Techspire/HIAS,Techspire,https://github.com/Techspire,https://github.com/Techspire/HIAS
HIAS,majedrifat/HIAS,majedrifat,https://github.com/majedrifat,https://github.com/majedrifat/HIAS
HIAS,jlopezalo/HIAS,jlopezalo,https://github.com/jlopezalo,https://github.com/jlopezalo/HIAS
HIAS,avi33tbtt/HIAS,avi33tbtt,https://github.com/avi33tbtt,https://github.com/avi33tbtt/HIAS
rdbox,one2ndpiece/rdbox,one2ndpiece,https://github.com/one2ndpiece,https://github.com/one2ndpiece/rdbox
rdbox,ALEXANDRECORNEAU/rdbox,ALEXANDRECORNEAU,https://github.com/ALEXANDRECORNEAU,https://github.com/ALEXANDRECORNEAU/rdbox
rdbox,grandeep/rdbox,grandeep,https://github.com/grandeep,https://github.com/grandeep/rdbox
rdbox,takasehideki/rdbox,takasehideki,https://github.com/takasehideki,https://github.com/takasehideki/rdbox
rdbox,sibafb/rdbox,sibafb,https://github.com/sibafb,https://github.com/sibafb/rdbox
rdbox,MERNKARIN/rdbox,MERNKARIN,https://github.com/MERNKARIN,https://github.com/MERNKARIN/rdbox
rdbox,menaabd207/rdbox,menaabd207,https://github.com/menaabd207,https://github.com/menaabd207/rdbox
rdbox,Bdjdsv74/rdbox,Bdjdsv74,https://github.com/Bdjdsv74,https://github.com/Bdjdsv74/rdbox
rdbox,4vikt/rdbox,4vikt,https://github.com/4vikt,https://github.com/4vikt/rdbox
rdbox,saud5182/rdbox,saud5182,https://github.com/saud5182,https://github.com/saud5182/rdbox
rdbox,cozy884/rdbox,cozy884,https://github.com/cozy884,https://github.com/cozy884/rdbox
rdbox,jancokasu11/rdbox,jancokasu11,https://github.com/jancokasu11,https://github.com/jancokasu11/rdbox
rdbox,ottonove/rdbox,ottonove,https://github.com/ottonove,https://github.com/ottonove/rdbox
rdbox,Mohamedgehad235/rdbox,Mohamedgehad235,https://github.com/Mohamedgehad235,https://github.com/Mohamedgehad235/rdbox
rdbox,qinchao1985/rdbox,qinchao1985,https://github.com/qinchao1985,https://github.com/qinchao1985/rdbox
rdbox,lijian8/rdbox,lijian8,https://github.com/lijian8,https://github.com/lijian8/rdbox
rdbox,keshava/rdbox,keshava,https://github.com/keshava,https://github.com/keshava/rdbox
rdbox,horacezh/rdbox,horacezh,https://github.com/horacezh,https://github.com/horacezh/rdbox
rdbox,hamkewl/rdbox,hamkewl,https://github.com/hamkewl,https://github.com/hamkewl/rdbox
rdbox,rdbox-bot/rdbox,rdbox-bot,https://github.com/rdbox-bot,https://github.com/rdbox-bot/rdbox
rdbox,casimirrex/rdbox,casimirrex,https://github.com/casimirrex,https://github.com/casimirrex/rdbox
rdbox,oxidation99/rdbox,oxidation99,https://github.com/oxidation99,https://github.com/oxidation99/rdbox
rdbox,zhangfaquan/rdbox,zhangfaquan,https://github.com/zhangfaquan,https://github.com/zhangfaquan/rdbox
rdbox,awsassets/rdbox,awsassets,https://github.com/awsassets,https://github.com/awsassets/rdbox
rdbox,julian533/rdbox,julian533,https://github.com/julian533,https://github.com/julian533/rdbox
rdbox,AlexandreBarral/rdbox,AlexandreBarral,https://github.com/AlexandreBarral,https://github.com/AlexandreBarral/rdbox
rdbox,philipdongfei/rdbox,philipdongfei,https://github.com/philipdongfei,https://github.com/philipdongfei/rdbox
rdbox,TaiAreerob/rdbox,TaiAreerob,https://github.com/TaiAreerob,https://github.com/TaiAreerob/rdbox
rdbox,JobsLj/rdbox,JobsLj,https://github.com/JobsLj,https://github.com/JobsLj/rdbox
rdbox,Tutorgaming/rdbox,Tutorgaming,https://github.com/Tutorgaming,https://github.com/Tutorgaming/rdbox
cotopaxi,wallakmama/cotopaxi,wallakmama,https://github.com/wallakmama,https://github.com/wallakmama/cotopaxi
cotopaxi-test1,PerKacper/cotopaxi-test1,PerKacper,https://github.com/PerKacper,https://github.com/PerKacper/cotopaxi-test1
cotopaxi,yalonso7/cotopaxi,yalonso7,https://github.com/yalonso7,https://github.com/yalonso7/cotopaxi
cotopaxi,justm0rph3u5/cotopaxi,justm0rph3u5,https://github.com/justm0rph3u5,https://github.com/justm0rph3u5/cotopaxi
cotopaxi,SunBiffin/cotopaxi,SunBiffin,https://github.com/SunBiffin,https://github.com/SunBiffin/cotopaxi
cotopaxi,ljh9248/cotopaxi,ljh9248,https://github.com/ljh9248,https://github.com/ljh9248/cotopaxi
cotopaxi,Metabob-Axel-Py/cotopaxi,Metabob-Axel-Py,https://github.com/Metabob-Axel-Py,https://github.com/Metabob-Axel-Py/cotopaxi
cotopaxi,korallin/cotopaxi,korallin,https://github.com/korallin,https://github.com/korallin/cotopaxi
cotopaxi,bedevilled00-tek/cotopaxi,bedevilled00-tek,https://github.com/bedevilled00-tek,https://github.com/bedevilled00-tek/cotopaxi
cotopaxi,fabaff/cotopaxi,fabaff,https://github.com/fabaff,https://github.com/fabaff/cotopaxi
cotopaxi,Wasforyou/cotopaxi,Wasforyou,https://github.com/Wasforyou,https://github.com/Wasforyou/cotopaxi
cotopaxi,ankurhcu/cotopaxi,ankurhcu,https://github.com/ankurhcu,https://github.com/ankurhcu/cotopaxi
cotopaxi,adamhos/cotopaxi,adamhos,https://github.com/adamhos,https://github.com/adamhos/cotopaxi
cotopaxi,0xC4SE/cotopaxi,0xC4SE,https://github.com/0xC4SE,https://github.com/0xC4SE/cotopaxi
cotopaxi,salecharohit/cotopaxi,salecharohit,https://github.com/salecharohit,https://github.com/salecharohit/cotopaxi
cotopaxi,counterfeel/cotopaxi,counterfeel,https://github.com/counterfeel,https://github.com/counterfeel/cotopaxi
cotopaxi,rain6851/cotopaxi,rain6851,https://github.com/rain6851,https://github.com/rain6851/cotopaxi
cotopaxi,yongyh/cotopaxi,yongyh,https://github.com/yongyh,https://github.com/yongyh/cotopaxi
cotopaxi,r0secr01x/cotopaxi,r0secr01x,https://github.com/r0secr01x,https://github.com/r0secr01x/cotopaxi
cotopaxi,Papadope-zz/cotopaxi,Papadope-zz,https://github.com/Papadope-zz,https://github.com/Papadope-zz/cotopaxi
cotopaxi,techris45/cotopaxi,techris45,https://github.com/techris45,https://github.com/techris45/cotopaxi
cotopaxi,slowmistio/cotopaxi,slowmistio,https://github.com/slowmistio,https://github.com/slowmistio/cotopaxi
cotopaxi,satyendra22/cotopaxi,satyendra22,https://github.com/satyendra22,https://github.com/satyendra22/cotopaxi
Samsung-cotopaxi,timb-machine-mirrors/Samsung-cotopaxi,timb-machine-mirrors,https://github.com/timb-machine-mirrors,https://github.com/timb-machine-mirrors/Samsung-cotopaxi
cotopaxi,erdx/cotopaxi,erdx,https://github.com/erdx,https://github.com/erdx/cotopaxi
cotopaxi,Z3p5/cotopaxi,Z3p5,https://github.com/Z3p5,https://github.com/Z3p5/cotopaxi
cotopaxi,minkione/cotopaxi,minkione,https://github.com/minkione,https://github.com/minkione/cotopaxi
cotopaxi,sec99/cotopaxi,sec99,https://github.com/sec99,https://github.com/sec99/cotopaxi
cotopaxi,Gh0st0ne/cotopaxi,Gh0st0ne,https://github.com/Gh0st0ne,https://github.com/Gh0st0ne/cotopaxi
cotopaxi,MagicalSun/cotopaxi,MagicalSun,https://github.com/MagicalSun,https://github.com/MagicalSun/cotopaxi
jetbot,amansingh7777/jetbot,amansingh7777,https://github.com/amansingh7777,https://github.com/amansingh7777/jetbot
jetbot_full,franklinzhang12/jetbot_full,franklinzhang12,https://github.com/franklinzhang12,https://github.com/franklinzhang12/jetbot_full
jetbot,yzpick/jetbot,yzpick,https://github.com/yzpick,https://github.com/yzpick/jetbot
jetbot,rshn1994/jetbot,rshn1994,https://github.com/rshn1994,https://github.com/rshn1994/jetbot
jetbot,Venus-Solutions/jetbot,Venus-Solutions,https://github.com/Venus-Solutions,https://github.com/Venus-Solutions/jetbot
jetbot,xiaodidi-js/jetbot,xiaodidi-js,https://github.com/xiaodidi-js,https://github.com/xiaodidi-js/jetbot
jetbot,BurgundyRed0726/jetbot,BurgundyRed0726,https://github.com/BurgundyRed0726,https://github.com/BurgundyRed0726/jetbot
jetbot,xuanjiawang/jetbot,xuanjiawang,https://github.com/xuanjiawang,https://github.com/xuanjiawang/jetbot
NVIDIA-jetbot,safwankh4n/NVIDIA-jetbot,safwankh4n,https://github.com/safwankh4n,https://github.com/safwankh4n/NVIDIA-jetbot
jetbot,nirotsou/jetbot,nirotsou,https://github.com/nirotsou,https://github.com/nirotsou/jetbot
JetBot-Nano,mikelike199/JetBot-Nano,mikelike199,https://github.com/mikelike199,https://github.com/mikelike199/JetBot-Nano
jetbot,ayaz345/jetbot,ayaz345,https://github.com/ayaz345,https://github.com/ayaz345/jetbot
jetbot,coco-1qaz/jetbot,coco-1qaz,https://github.com/coco-1qaz,https://github.com/coco-1qaz/jetbot
jetbot,HuFeiHu/jetbot,HuFeiHu,https://github.com/HuFeiHu,https://github.com/HuFeiHu/jetbot
jetbot,cemot/jetbot,cemot,https://github.com/cemot,https://github.com/cemot/jetbot
jetbot,collabnix/jetbot,collabnix,https://github.com/collabnix,https://github.com/collabnix/jetbot
jetbot,lingjiekong/jetbot,lingjiekong,https://github.com/lingjiekong,https://github.com/lingjiekong/jetbot
jetbot,srikrishnaveturi/jetbot,srikrishnaveturi,https://github.com/srikrishnaveturi,https://github.com/srikrishnaveturi/jetbot
jetbot,jeongdongseon/jetbot,jeongdongseon,https://github.com/jeongdongseon,https://github.com/jeongdongseon/jetbot
jetbot,lynx3385/jetbot,lynx3385,https://github.com/lynx3385,https://github.com/lynx3385/jetbot
jetbot,kwabs22/jetbot,kwabs22,https://github.com/kwabs22,https://github.com/kwabs22/jetbot
jetbot,franciszero/jetbot,franciszero,https://github.com/franciszero,https://github.com/franciszero/jetbot
jetbot,karimsiala/jetbot,karimsiala,https://github.com/karimsiala,https://github.com/karimsiala/jetbot
self-racing-cars,coco-mexicoo/self-racing-cars,coco-mexicoo,https://github.com/coco-mexicoo,https://github.com/coco-mexicoo/self-racing-cars
jetbot,ENOFFILE/jetbot,ENOFFILE,https://github.com/ENOFFILE,https://github.com/ENOFFILE/jetbot
jetbot,robot-CC2020/jetbot,robot-CC2020,https://github.com/robot-CC2020,https://github.com/robot-CC2020/jetbot
muellot_jetbot,fabianschenker/muellot_jetbot,fabianschenker,https://github.com/fabianschenker,https://github.com/fabianschenker/muellot_jetbot
jetbot,lebaker/jetbot,lebaker,https://github.com/lebaker,https://github.com/lebaker/jetbot
jetbot,Aronnaxx/jetbot,Aronnaxx,https://github.com/Aronnaxx,https://github.com/Aronnaxx/jetbot
jetbot,2097277134/jetbot,2097277134,https://github.com/2097277134,https://github.com/2097277134/jetbot
Gesture-Recognition,wizyke/Gesture-Recognition,wizyke,https://github.com/wizyke,https://github.com/wizyke/Gesture-Recognition
Gesture-Recognition,isabella232/Gesture-Recognition,isabella232,https://github.com/isabella232,https://github.com/isabella232/Gesture-Recognition
Gesture-Recognition,gsiogkas/Gesture-Recognition,gsiogkas,https://github.com/gsiogkas,https://github.com/gsiogkas/Gesture-Recognition
Gesture-Recognition,JanetSe/Gesture-Recognition,JanetSe,https://github.com/JanetSe,https://github.com/JanetSe/Gesture-Recognition
Gesture-Recognition,azuredsky/Gesture-Recognition,azuredsky,https://github.com/azuredsky,https://github.com/azuredsky/Gesture-Recognition
Gesture-Recognition,tony109060581/Gesture-Recognition,tony109060581,https://github.com/tony109060581,https://github.com/tony109060581/Gesture-Recognition
Gesture-Recognition,wzb1005/Gesture-Recognition,wzb1005,https://github.com/wzb1005,https://github.com/wzb1005/Gesture-Recognition
Gesture-Recognition,bromic007/Gesture-Recognition,bromic007,https://github.com/bromic007,https://github.com/bromic007/Gesture-Recognition
Gesture-Recognition,pingzhenyu/Gesture-Recognition,pingzhenyu,https://github.com/pingzhenyu,https://github.com/pingzhenyu/Gesture-Recognition
Gesture-Recognition,zlheos/Gesture-Recognition,zlheos,https://github.com/zlheos,https://github.com/zlheos/Gesture-Recognition
Gesture-Recognition-1,Jasionkit/Gesture-Recognition-1,Jasionkit,https://github.com/Jasionkit,https://github.com/Jasionkit/Gesture-Recognition-1
Gesture-Recognition,arvind-india/Gesture-Recognition,arvind-india,https://github.com/arvind-india,https://github.com/arvind-india/Gesture-Recognition
Gesture-Recognition,savingtools/Gesture-Recognition,savingtools,https://github.com/savingtools,https://github.com/savingtools/Gesture-Recognition
Gesture-Recognition,vineet019/Gesture-Recognition,vineet019,https://github.com/vineet019,https://github.com/vineet019/Gesture-Recognition
Gesture-Recognition,ucrscholar/Gesture-Recognition,ucrscholar,https://github.com/ucrscholar,https://github.com/ucrscholar/Gesture-Recognition
Gesture-Recognition,heistera/Gesture-Recognition,heistera,https://github.com/heistera,https://github.com/heistera/Gesture-Recognition
Gesture-Recognition,Aiden-Wei/Gesture-Recognition,Aiden-Wei,https://github.com/Aiden-Wei,https://github.com/Aiden-Wei/Gesture-Recognition
Gesture-Recognition,DeepDriving/Gesture-Recognition,DeepDriving,https://github.com/DeepDriving,https://github.com/DeepDriving/Gesture-Recognition
Gesture-Recognition,shayanrezvani/Gesture-Recognition,shayanrezvani,https://github.com/shayanrezvani,https://github.com/shayanrezvani/Gesture-Recognition
Gesture-Recognition,andudu/Gesture-Recognition,andudu,https://github.com/andudu,https://github.com/andudu/Gesture-Recognition
Gesture-Recognition,muhammadfraz/Gesture-Recognition,muhammadfraz,https://github.com/muhammadfraz,https://github.com/muhammadfraz/Gesture-Recognition
Gesture-Recognition,AOE-khkhan/Gesture-Recognition,AOE-khkhan,https://github.com/AOE-khkhan,https://github.com/AOE-khkhan/Gesture-Recognition
Gesture-Recognition,Danigy/Gesture-Recognition,Danigy,https://github.com/Danigy,https://github.com/Danigy/Gesture-Recognition
Gesture-Recognition,jackcn2004/Gesture-Recognition,jackcn2004,https://github.com/jackcn2004,https://github.com/jackcn2004/Gesture-Recognition
Gesture-Recognition,lqchien/Gesture-Recognition,lqchien,https://github.com/lqchien,https://github.com/lqchien/Gesture-Recognition
Gesture-Recognition,dahburj/Gesture-Recognition,dahburj,https://github.com/dahburj,https://github.com/dahburj/Gesture-Recognition
Gesture-Recognition,wanglianglin/Gesture-Recognition,wanglianglin,https://github.com/wanglianglin,https://github.com/wanglianglin/Gesture-Recognition
Gesture-Recognition,Amir22010/Gesture-Recognition,Amir22010,https://github.com/Amir22010,https://github.com/Amir22010/Gesture-Recognition
Gesture-Recognition,chunyang-zhang/Gesture-Recognition,chunyang-zhang,https://github.com/chunyang-zhang,https://github.com/chunyang-zhang/Gesture-Recognition
Gesture-Recognition,shuren007/Gesture-Recognition,shuren007,https://github.com/shuren007,https://github.com/shuren007/Gesture-Recognition
thinx-device-api,MISTERNEGATIVE21/thinx-device-api,MISTERNEGATIVE21,https://github.com/MISTERNEGATIVE21,https://github.com/MISTERNEGATIVE21/thinx-device-api
thinx-device-api,charinath/thinx-device-api,charinath,https://github.com/charinath,https://github.com/charinath/thinx-device-api
thinx-device-api,marceluphd/thinx-device-api,marceluphd,https://github.com/marceluphd,https://github.com/marceluphd/thinx-device-api
thinx-device-api,keyguru/thinx-device-api,keyguru,https://github.com/keyguru,https://github.com/keyguru/thinx-device-api
thinx-device-api,sascha78/thinx-device-api,sascha78,https://github.com/sascha78,https://github.com/sascha78/thinx-device-api
thinx-device-api,exocode/thinx-device-api,exocode,https://github.com/exocode,https://github.com/exocode/thinx-device-api
thinx-device-api,fossabot/thinx-device-api,fossabot,https://github.com/fossabot,https://github.com/fossabot/thinx-device-api
thinx-device-api,gitter-badger/thinx-device-api,gitter-badger,https://github.com/gitter-badger,https://github.com/gitter-badger/thinx-device-api
robo4j,Software-Hardware-Codesign/robo4j,Software-Hardware-Codesign,https://github.com/Software-Hardware-Codesign,https://github.com/Software-Hardware-Codesign/robo4j
robo4j,mirage22/robo4j,mirage22,https://github.com/mirage22,https://github.com/mirage22/robo4j
robo4j,ohalushchak/robo4j,ohalushchak,https://github.com/ohalushchak,https://github.com/ohalushchak/robo4j
robo4j,yishionq/robo4j,yishionq,https://github.com/yishionq,https://github.com/yishionq/robo4j
robo4j,feiman/robo4j,feiman,https://github.com/feiman,https://github.com/feiman/robo4j
robo4j,emhutchins/robo4j,emhutchins,https://github.com/emhutchins,https://github.com/emhutchins/robo4j
robo4j,orb1t/robo4j,orb1t,https://github.com/orb1t,https://github.com/orb1t/robo4j
robo4j,andy521/robo4j,andy521,https://github.com/andy521,https://github.com/andy521/robo4j
robo4j,BossDing/robo4j,BossDing,https://github.com/BossDing,https://github.com/BossDing/robo4j
robo4j,fffmysmbkn/robo4j,fffmysmbkn,https://github.com/fffmysmbkn,https://github.com/fffmysmbkn/robo4j
robo4j,aglne/robo4j,aglne,https://github.com/aglne,https://github.com/aglne/robo4j
robo4j,ww3456/robo4j,ww3456,https://github.com/ww3456,https://github.com/ww3456/robo4j
robo4j,reinhapa/robo4j,reinhapa,https://github.com/reinhapa,https://github.com/reinhapa/robo4j
robo4j,jarekratajski/robo4j,jarekratajski,https://github.com/jarekratajski,https://github.com/jarekratajski/robo4j
robo4j,AhmedYousseff/robo4j,AhmedYousseff,https://github.com/AhmedYousseff,https://github.com/AhmedYousseff/robo4j
robo4j,fvogler/robo4j,fvogler,https://github.com/fvogler,https://github.com/fvogler/robo4j
robo4j,syzer/robo4j,syzer,https://github.com/syzer,https://github.com/syzer/robo4j
aws-iot-device-sdk-cpp,khushail/aws-iot-device-sdk-cpp,khushail,https://github.com/khushail,https://github.com/khushail/aws-iot-device-sdk-cpp
aws-iot-device-sdk-cpp,smartnimbus/aws-iot-device-sdk-cpp,smartnimbus,https://github.com/smartnimbus,https://github.com/smartnimbus/aws-iot-device-sdk-cpp
aws-iot-device-sdk-cpp,alfred2g/aws-iot-device-sdk-cpp,alfred2g,https://github.com/alfred2g,https://github.com/alfred2g/aws-iot-device-sdk-cpp
aws-iot-device-sdk-cpp,mowjoejoejoejoe/aws-iot-device-sdk-cpp,mowjoejoejoejoe,https://github.com/mowjoejoejoejoe,https://github.com/mowjoejoejoejoe/aws-iot-device-sdk-cpp
aws-iot-device-sdk-cpp,corneliusendres/aws-iot-device-sdk-cpp,corneliusendres,https://github.com/corneliusendres,https://github.com/corneliusendres/aws-iot-device-sdk-cpp
aws-iot-device-sdk-cpp,EkkoSense/aws-iot-device-sdk-cpp,EkkoSense,https://github.com/EkkoSense,https://github.com/EkkoSense/aws-iot-device-sdk-cpp
aws-iot-device-sdk-cpp,DensityCo/aws-iot-device-sdk-cpp,DensityCo,https://github.com/DensityCo,https://github.com/DensityCo/aws-iot-device-sdk-cpp
aws-iot-device-sdk-cpp,Hutchpro1/aws-iot-device-sdk-cpp,Hutchpro1,https://github.com/Hutchpro1,https://github.com/Hutchpro1/aws-iot-device-sdk-cpp
aws-iot-device-sdk-cpp,test-mass-forker-org-1/aws-iot-device-sdk-cpp,test-mass-forker-org-1,https://github.com/test-mass-forker-org-1,https://github.com/test-mass-forker-org-1/aws-iot-device-sdk-cpp
aws-iot-device-sdk-cpp,muskanmahajan486/aws-iot-device-sdk-cpp,muskanmahajan486,https://github.com/muskanmahajan486,https://github.com/muskanmahajan486/aws-iot-device-sdk-cpp
aws-iot-device-sdk-cpp,rbhovi/aws-iot-device-sdk-cpp,rbhovi,https://github.com/rbhovi,https://github.com/rbhovi/aws-iot-device-sdk-cpp
aws-iot-device-sdk-cpp,TwistedTwigleg/aws-iot-device-sdk-cpp,TwistedTwigleg,https://github.com/TwistedTwigleg,https://github.com/TwistedTwigleg/aws-iot-device-sdk-cpp
aws-iot-device-sdk-cpp,longntv/aws-iot-device-sdk-cpp,longntv,https://github.com/longntv,https://github.com/longntv/aws-iot-device-sdk-cpp
aws-iot-device-sdk-cpp,hystking/aws-iot-device-sdk-cpp,hystking,https://github.com/hystking,https://github.com/hystking/aws-iot-device-sdk-cpp
aws-iot-device-sdk-cpp,QPC-WORLDWIDE/aws-iot-device-sdk-cpp,QPC-WORLDWIDE,https://github.com/QPC-WORLDWIDE,https://github.com/QPC-WORLDWIDE/aws-iot-device-sdk-cpp
aws-iot-device-sdk-cpp,lalittech/aws-iot-device-sdk-cpp,lalittech,https://github.com/lalittech,https://github.com/lalittech/aws-iot-device-sdk-cpp
aws-iot-device-sdk-cpp,leboisdesbruyere/aws-iot-device-sdk-cpp,leboisdesbruyere,https://github.com/leboisdesbruyere,https://github.com/leboisdesbruyere/aws-iot-device-sdk-cpp
aws-iot-device-sdk-cpp,CreepyMonkey/aws-iot-device-sdk-cpp,CreepyMonkey,https://github.com/CreepyMonkey,https://github.com/CreepyMonkey/aws-iot-device-sdk-cpp
aws-iot-device-sdk-cpp,QPC-database/aws-iot-device-sdk-cpp,QPC-database,https://github.com/QPC-database,https://github.com/QPC-database/aws-iot-device-sdk-cpp
aws-iot-device-sdk-cpp,yixiangding/aws-iot-device-sdk-cpp,yixiangding,https://github.com/yixiangding,https://github.com/yixiangding/aws-iot-device-sdk-cpp
aws-iot-device-sdk-cpp,ankit-derq/aws-iot-device-sdk-cpp,ankit-derq,https://github.com/ankit-derq,https://github.com/ankit-derq/aws-iot-device-sdk-cpp
aws-iot-device-sdk-cpp,ivan-belyakov-bnetworks/aws-iot-device-sdk-cpp,ivan-belyakov-bnetworks,https://github.com/ivan-belyakov-bnetworks,https://github.com/ivan-belyakov-bnetworks/aws-iot-device-sdk-cpp
aws-iot-device-sdk-cpp,RianFuro/aws-iot-device-sdk-cpp,RianFuro,https://github.com/RianFuro,https://github.com/RianFuro/aws-iot-device-sdk-cpp
aws-iot-device-sdk-cpp,lukipedio/aws-iot-device-sdk-cpp,lukipedio,https://github.com/lukipedio,https://github.com/lukipedio/aws-iot-device-sdk-cpp
aws-iot-device-sdk-cpp,joncode/aws-iot-device-sdk-cpp,joncode,https://github.com/joncode,https://github.com/joncode/aws-iot-device-sdk-cpp
aws-iot-device-sdk-cpp,vikingwyf/aws-iot-device-sdk-cpp,vikingwyf,https://github.com/vikingwyf,https://github.com/vikingwyf/aws-iot-device-sdk-cpp
aws-iot-device-sdk-cpp,poojasgupta/aws-iot-device-sdk-cpp,poojasgupta,https://github.com/poojasgupta,https://github.com/poojasgupta/aws-iot-device-sdk-cpp
aws-iot-device-sdk-cpp,sepehr89/aws-iot-device-sdk-cpp,sepehr89,https://github.com/sepehr89,https://github.com/sepehr89/aws-iot-device-sdk-cpp
aws-iot-device-sdk-cpp,andropovpov/aws-iot-device-sdk-cpp,andropovpov,https://github.com/andropovpov,https://github.com/andropovpov/aws-iot-device-sdk-cpp
aws-iot-device-sdk-cpp,trahman-khan/aws-iot-device-sdk-cpp,trahman-khan,https://github.com/trahman-khan,https://github.com/trahman-khan/aws-iot-device-sdk-cpp
cylon,tianxiuzhio/cylon,tianxiuzhio,https://github.com/tianxiuzhio,https://github.com/tianxiuzhio/cylon
cylon,zhuwq585/cylon,zhuwq585,https://github.com/zhuwq585,https://github.com/zhuwq585/cylon
cylon,hnjm/cylon,hnjm,https://github.com/hnjm,https://github.com/hnjm/cylon
cylon,ajunlonglive/cylon,ajunlonglive,https://github.com/ajunlonglive,https://github.com/ajunlonglive/cylon
cylon,njubi-Inc/cylon,njubi-Inc,https://github.com/njubi-Inc,https://github.com/njubi-Inc/cylon
cylon,arvind-india/cylon,arvind-india,https://github.com/arvind-india,https://github.com/arvind-india/cylon
cylon,pushp360/cylon,pushp360,https://github.com/pushp360,https://github.com/pushp360/cylon
cylon,classicvalues/cylon,classicvalues,https://github.com/classicvalues,https://github.com/classicvalues/cylon
cylon,gonzalogcontacto/cylon,gonzalogcontacto,https://github.com/gonzalogcontacto,https://github.com/gonzalogcontacto/cylon
cylon,daoyuan14/cylon,daoyuan14,https://github.com/daoyuan14,https://github.com/daoyuan14/cylon
cylon,ingmiguelyepezcivil/cylon,ingmiguelyepezcivil,https://github.com/ingmiguelyepezcivil,https://github.com/ingmiguelyepezcivil/cylon
cylon,Crude2016/cylon,Crude2016,https://github.com/Crude2016,https://github.com/Crude2016/cylon
cylon,futurianh1k/cylon,futurianh1k,https://github.com/futurianh1k,https://github.com/futurianh1k/cylon
cylon,Muflhi01/cylon,Muflhi01,https://github.com/Muflhi01,https://github.com/Muflhi01/cylon
cylon,jj-matos/cylon,jj-matos,https://github.com/jj-matos,https://github.com/jj-matos/cylon
cylon,EricTop3/cylon,EricTop3,https://github.com/EricTop3,https://github.com/EricTop3/cylon
cylon,leismile/cylon,leismile,https://github.com/leismile,https://github.com/leismile/cylon
cylon,lpf123lpf/cylon,lpf123lpf,https://github.com/lpf123lpf,https://github.com/lpf123lpf/cylon
cylon,moayyaed/cylon,moayyaed,https://github.com/moayyaed,https://github.com/moayyaed/cylon
cylon,CarlosJordanDev/cylon,CarlosJordanDev,https://github.com/CarlosJordanDev,https://github.com/CarlosJordanDev/cylon
cylon,melihs/cylon,melihs,https://github.com/melihs,https://github.com/melihs/cylon
cylon,chengjingfeng/cylon,chengjingfeng,https://github.com/chengjingfeng,https://github.com/chengjingfeng/cylon
cylon,Blun7/cylon,Blun7,https://github.com/Blun7,https://github.com/Blun7/cylon
cylon,rana1998/cylon,rana1998,https://github.com/rana1998,https://github.com/rana1998/cylon
cylon,ZamBoyle/cylon,ZamBoyle,https://github.com/ZamBoyle,https://github.com/ZamBoyle/cylon
cylon,caribbean08/cylon,caribbean08,https://github.com/caribbean08,https://github.com/caribbean08/cylon
cylon,ats-hq/cylon,ats-hq,https://github.com/ats-hq,https://github.com/ats-hq/cylon
cylon,Asian-Technology-Hub/cylon,Asian-Technology-Hub,https://github.com/Asian-Technology-Hub,https://github.com/Asian-Technology-Hub/cylon
cylon,Joel-Nickson/cylon,Joel-Nickson,https://github.com/Joel-Nickson,https://github.com/Joel-Nickson/cylon
cylon,lcsouzamenezes/cylon,lcsouzamenezes,https://github.com/lcsouzamenezes,https://github.com/lcsouzamenezes/cylon
iiot-integration-apache-plc4x-kafka-connect-ksql-opc-ua-modbus-siemens-s7,isidrolv/iiot-integration-apache-plc4x-kafka-connect-ksql-opc-ua-modbus-siemens-s7,isidrolv,https://github.com/isidrolv,https://github.com/isidrolv/iiot-integration-apache-plc4x-kafka-connect-ksql-opc-ua-modbus-siemens-s7
iiot-integration-apache-plc4x-kafka-connect-ksql-opc-ua-modbus-siemens-s7,deffosic/iiot-integration-apache-plc4x-kafka-connect-ksql-opc-ua-modbus-siemens-s7,deffosic,https://github.com/deffosic,https://github.com/deffosic/iiot-integration-apache-plc4x-kafka-connect-ksql-opc-ua-modbus-siemens-s7
iiot-integration-apache-plc4x-kafka-connect-ksql-opc-ua-modbus-siemens-s7,josekurian/iiot-integration-apache-plc4x-kafka-connect-ksql-opc-ua-modbus-siemens-s7,josekurian,https://github.com/josekurian,https://github.com/josekurian/iiot-integration-apache-plc4x-kafka-connect-ksql-opc-ua-modbus-siemens-s7
iiot-integration-apache-plc4x-kafka-connect-ksql-opc-ua-modbus-siemens-s7,queirozjfautomacao/iiot-integration-apache-plc4x-kafka-connect-ksql-opc-ua-modbus-siemens-s7,queirozjfautomacao,https://github.com/queirozjfautomacao,https://github.com/queirozjfautomacao/iiot-integration-apache-plc4x-kafka-connect-ksql-opc-ua-modbus-siemens-s7
Foresee-Navigation,wizyke/Foresee-Navigation,wizyke,https://github.com/wizyke,https://github.com/wizyke/Foresee-Navigation
Foresee-Navigation,SimonLee9/Foresee-Navigation,SimonLee9,https://github.com/SimonLee9,https://github.com/SimonLee9/Foresee-Navigation
Foresee-Navigation,isabella232/Foresee-Navigation,isabella232,https://github.com/isabella232,https://github.com/isabella232/Foresee-Navigation
Foresee-Navigation,YangZhengShi/Foresee-Navigation,YangZhengShi,https://github.com/YangZhengShi,https://github.com/YangZhengShi/Foresee-Navigation
Foresee-Navigation,mfkiwl/Foresee-Navigation,mfkiwl,https://github.com/mfkiwl,https://github.com/mfkiwl/Foresee-Navigation
Foresee-Navigation,bingyingL/Foresee-Navigation,bingyingL,https://github.com/bingyingL,https://github.com/bingyingL/Foresee-Navigation
Foresee-Navigation,xiaofeng1990/Foresee-Navigation,xiaofeng1990,https://github.com/xiaofeng1990,https://github.com/xiaofeng1990/Foresee-Navigation
Foresee-Navigation,Russ76/Foresee-Navigation,Russ76,https://github.com/Russ76,https://github.com/Russ76/Foresee-Navigation
Foresee-Navigation,JandonXi/Foresee-Navigation,JandonXi,https://github.com/JandonXi,https://github.com/JandonXi/Foresee-Navigation
Foresee-Navigation,qqq-tech/Foresee-Navigation,qqq-tech,https://github.com/qqq-tech,https://github.com/qqq-tech/Foresee-Navigation
Foresee-Navigation,gary-robotics/Foresee-Navigation,gary-robotics,https://github.com/gary-robotics,https://github.com/gary-robotics/Foresee-Navigation
Foresee-Navigation,Danigy/Foresee-Navigation,Danigy,https://github.com/Danigy,https://github.com/Danigy/Foresee-Navigation
Foresee-Navigation,seaun163/Foresee-Navigation,seaun163,https://github.com/seaun163,https://github.com/seaun163/Foresee-Navigation
Foresee-Navigation,ihelal/Foresee-Navigation,ihelal,https://github.com/ihelal,https://github.com/ihelal/Foresee-Navigation
Foresee-Navigation,ShashwatNigam99/Foresee-Navigation,ShashwatNigam99,https://github.com/ShashwatNigam99,https://github.com/ShashwatNigam99/Foresee-Navigation
Foresee-Navigation,Amir22010/Foresee-Navigation,Amir22010,https://github.com/Amir22010,https://github.com/Amir22010/Foresee-Navigation
Foresee-Navigation,xrp001/Foresee-Navigation,xrp001,https://github.com/xrp001,https://github.com/xrp001/Foresee-Navigation
Foresee-Navigation,maphysart/Foresee-Navigation,maphysart,https://github.com/maphysart,https://github.com/maphysart/Foresee-Navigation
Foresee-Navigation,jmachuca77/Foresee-Navigation,jmachuca77,https://github.com/jmachuca77,https://github.com/jmachuca77/Foresee-Navigation
Foresee-Navigation,sunarditay/Foresee-Navigation,sunarditay,https://github.com/sunarditay,https://github.com/sunarditay/Foresee-Navigation
BuddyHub,Balint-H/BuddyHub,Balint-H,https://github.com/Balint-H,https://github.com/Balint-H/BuddyHub
ucef,usman094/ucef,usman094,https://github.com/usman094,https://github.com/usman094/ucef
ucef,jat255/ucef,jat255,https://github.com/jat255,https://github.com/jat255/ucef
ucef,QPC-WORLDWIDE/ucef,QPC-WORLDWIDE,https://github.com/QPC-WORLDWIDE,https://github.com/QPC-WORLDWIDE/ucef
ucef,Anirban-nist/ucef,Anirban-nist,https://github.com/Anirban-nist,https://github.com/Anirban-nist/ucef
ucef,AdKwanashie/ucef,AdKwanashie,https://github.com/AdKwanashie,https://github.com/AdKwanashie/ucef
ucef,2018SRTeam/ucef,2018SRTeam,https://github.com/2018SRTeam,https://github.com/2018SRTeam/ucef
ucef,hneema08/ucef,hneema08,https://github.com/hneema08,https://github.com/hneema08/ucef
ucef,srees/ucef,srees,https://github.com/srees,https://github.com/srees/ucef
pyaiot,d3v53c/pyaiot,d3v53c,https://github.com/d3v53c,https://github.com/d3v53c/pyaiot
pyaiot,fjmolinas/pyaiot,fjmolinas,https://github.com/fjmolinas,https://github.com/fjmolinas/pyaiot
pyaiot,haochenmaths/pyaiot,haochenmaths,https://github.com/haochenmaths,https://github.com/haochenmaths/pyaiot
pyaiot,darcyg/pyaiot,darcyg,https://github.com/darcyg,https://github.com/darcyg/pyaiot
pyaiot,Ziyad2/pyaiot,Ziyad2,https://github.com/Ziyad2,https://github.com/Ziyad2/pyaiot
pyaiot,cgundogan/pyaiot,cgundogan,https://github.com/cgundogan,https://github.com/cgundogan/pyaiot
pyaiot,bergzand/pyaiot,bergzand,https://github.com/bergzand,https://github.com/bergzand/pyaiot
pyaiot,bformet/pyaiot,bformet,https://github.com/bformet,https://github.com/bformet/pyaiot
pyaiot,rfuentess/pyaiot,rfuentess,https://github.com/rfuentess,https://github.com/rfuentess/pyaiot
pyaiot,aabadie/pyaiot,aabadie,https://github.com/aabadie,https://github.com/aabadie/pyaiot
Electron,wizyke/Electron,wizyke,https://github.com/wizyke,https://github.com/wizyke/Electron
Electron-1,isabella232/Electron-1,isabella232,https://github.com/isabella232,https://github.com/isabella232/Electron-1
Electron,pangchao-git/Electron,pangchao-git,https://github.com/pangchao-git,https://github.com/pangchao-git/Electron
Electron,asheesh1996/Electron,asheesh1996,https://github.com/asheesh1996,https://github.com/asheesh1996/Electron
Electron,land007/Electron,land007,https://github.com/land007,https://github.com/land007/Electron
Electron,file-campuran/Electron,file-campuran,https://github.com/file-campuran,https://github.com/file-campuran/Electron
Electron,labljy/Electron,labljy,https://github.com/labljy,https://github.com/labljy/Electron
Electron,smilejx/Electron,smilejx,https://github.com/smilejx,https://github.com/smilejx/Electron
Electron,shilixin/Electron,shilixin,https://github.com/shilixin,https://github.com/shilixin/Electron
Electron,Danigy/Electron,Danigy,https://github.com/Danigy,https://github.com/Danigy/Electron
Electron,jetson-tx2/Electron,jetson-tx2,https://github.com/jetson-tx2,https://github.com/jetson-tx2/Electron
Electron,Amir22010/Electron,Amir22010,https://github.com/Amir22010,https://github.com/Amir22010/Electron
Electron,tvanh512/Electron,tvanh512,https://github.com/tvanh512,https://github.com/tvanh512/Electron
Electron,michaelchi08/Electron,michaelchi08,https://github.com/michaelchi08,https://github.com/michaelchi08/Electron
Electron,Xiaofei1010/Electron,Xiaofei1010,https://github.com/Xiaofei1010,https://github.com/Xiaofei1010/Electron
Electron,ncnynl/Electron,ncnynl,https://github.com/ncnynl,https://github.com/ncnynl/Electron
Electron,li9616/Electron,li9616,https://github.com/li9616,https://github.com/li9616/Electron
Electron,mschrah/Electron,mschrah,https://github.com/mschrah,https://github.com/mschrah/Electron
Electron,Chomolungma/Electron,Chomolungma,https://github.com/Chomolungma,https://github.com/Chomolungma/Electron
Electron,vikashranjan/Electron,vikashranjan,https://github.com/vikashranjan,https://github.com/vikashranjan/Electron
Electron,yinzixuan126/Electron,yinzixuan126,https://github.com/yinzixuan126,https://github.com/yinzixuan126/Electron
jetson-trashformers,wizyke/jetson-trashformers,wizyke,https://github.com/wizyke,https://github.com/wizyke/jetson-trashformers
jetson-trashformers,isabella232/jetson-trashformers,isabella232,https://github.com/isabella232,https://github.com/isabella232/jetson-trashformers
jetson-trashformers,zhangyt0906/jetson-trashformers,zhangyt0906,https://github.com/zhangyt0906,https://github.com/zhangyt0906/jetson-trashformers
jetson-trashformers,tommysugiarto/jetson-trashformers,tommysugiarto,https://github.com/tommysugiarto,https://github.com/tommysugiarto/jetson-trashformers
jetson-trashformers,savingtools/jetson-trashformers,savingtools,https://github.com/savingtools,https://github.com/savingtools/jetson-trashformers
jetson-trashformers,krenshaw2018/jetson-trashformers,krenshaw2018,https://github.com/krenshaw2018,https://github.com/krenshaw2018/jetson-trashformers
jetson-trashformers,Danigy/jetson-trashformers,Danigy,https://github.com/Danigy,https://github.com/Danigy/jetson-trashformers
jetson-trashformers,Amir22010/jetson-trashformers,Amir22010,https://github.com/Amir22010,https://github.com/Amir22010/jetson-trashformers
jetson-trashformers,shuren007/jetson-trashformers,shuren007,https://github.com/shuren007,https://github.com/shuren007/jetson-trashformers
jetson-trashformers,arvind-india/jetson-trashformers,arvind-india,https://github.com/arvind-india,https://github.com/arvind-india/jetson-trashformers
jetson-trashformers,jooo000hn/jetson-trashformers,jooo000hn,https://github.com/jooo000hn,https://github.com/jooo000hn/jetson-trashformers
jetson-trashformers,lbaitemple/jetson-trashformers,lbaitemple,https://github.com/lbaitemple,https://github.com/lbaitemple/jetson-trashformers
jetson-trashformers,Chomolungma/jetson-trashformers,Chomolungma,https://github.com/Chomolungma,https://github.com/Chomolungma/jetson-trashformers
jetson-trashformers,dineshresearch/jetson-trashformers,dineshresearch,https://github.com/dineshresearch,https://github.com/dineshresearch/jetson-trashformers
jetson-trashformers,dkkim93/jetson-trashformers,dkkim93,https://github.com/dkkim93,https://github.com/dkkim93/jetson-trashformers
jetson-trashformers,MuhammadUsman90/jetson-trashformers,MuhammadUsman90,https://github.com/MuhammadUsman90,https://github.com/MuhammadUsman90/jetson-trashformers
jetson-trashformers,yinzixuan126/jetson-trashformers,yinzixuan126,https://github.com/yinzixuan126,https://github.com/yinzixuan126/jetson-trashformers
jetson-trashformers,Changliu52/jetson-trashformers,Changliu52,https://github.com/Changliu52,https://github.com/Changliu52/jetson-trashformers
jetson-trashformers,johnjsb/jetson-trashformers,johnjsb,https://github.com/johnjsb,https://github.com/johnjsb/jetson-trashformers
jetson-trashformers,metheis/jetson-trashformers,metheis,https://github.com/metheis,https://github.com/metheis/jetson-trashformers
jetson-trashformers,shruthij28/jetson-trashformers,shruthij28,https://github.com/shruthij28,https://github.com/shruthij28/jetson-trashformers
jetson-trashformers,ishan22/jetson-trashformers,ishan22,https://github.com/ishan22,https://github.com/ishan22/jetson-trashformers
jetson-trashformers,michaelchacko/jetson-trashformers,michaelchacko,https://github.com/michaelchacko,https://github.com/michaelchacko/jetson-trashformers
Intel-Examples,istimons/Intel-Examples,istimons,https://github.com/istimons,https://github.com/istimons/Intel-Examples
Intel-Examples,atokagzx/Intel-Examples,atokagzx,https://github.com/atokagzx,https://github.com/atokagzx/Intel-Examples
Intel-Examples,Muflhi01/Intel-Examples,Muflhi01,https://github.com/Muflhi01,https://github.com/Muflhi01/Intel-Examples
Intel-Examples,amirunpri2018/Intel-Examples,amirunpri2018,https://github.com/amirunpri2018,https://github.com/amirunpri2018/Intel-Examples
Intel-Examples,radu7/Intel-Examples,radu7,https://github.com/radu7,https://github.com/radu7/Intel-Examples
Intel-Examples,nghiajenius-dev/Intel-Examples,nghiajenius-dev,https://github.com/nghiajenius-dev,https://github.com/nghiajenius-dev/Intel-Examples
Intel-Examples,InahoKai/Intel-Examples,InahoKai,https://github.com/InahoKai,https://github.com/InahoKai/Intel-Examples
Intel-Examples,dystudio/Intel-Examples,dystudio,https://github.com/dystudio,https://github.com/dystudio/Intel-Examples
Intel-Examples,Amir22010/Intel-Examples,Amir22010,https://github.com/Amir22010,https://github.com/Amir22010/Intel-Examples
Intel-Examples,vincentAtGit/Intel-Examples,vincentAtGit,https://github.com/vincentAtGit,https://github.com/vincentAtGit/Intel-Examples
Intel-Examples,yangjian615/Intel-Examples,yangjian615,https://github.com/yangjian615,https://github.com/yangjian615/Intel-Examples
Intel-Examples,HeQinlong/Intel-Examples,HeQinlong,https://github.com/HeQinlong,https://github.com/HeQinlong/Intel-Examples
Intel-Examples,KonstantinBychkovRepo/Intel-Examples,KonstantinBychkovRepo,https://github.com/KonstantinBychkovRepo,https://github.com/KonstantinBychkovRepo/Intel-Examples
Intel-Examples,aliushn/Intel-Examples,aliushn,https://github.com/aliushn,https://github.com/aliushn/Intel-Examples
Intel-Examples,jelyoussefi/Intel-Examples,jelyoussefi,https://github.com/jelyoussefi,https://github.com/jelyoussefi/Intel-Examples
Intel-Examples,aakash-sarin/Intel-Examples,aakash-sarin,https://github.com/aakash-sarin,https://github.com/aakash-sarin/Intel-Examples
Intel-Examples,birajaghoshal/Intel-Examples,birajaghoshal,https://github.com/birajaghoshal,https://github.com/birajaghoshal/Intel-Examples
Intel-Examples,AI-Cdrone/Intel-Examples,AI-Cdrone,https://github.com/AI-Cdrone,https://github.com/AI-Cdrone/Intel-Examples
Intel-Examples,Karanr93/Intel-Examples,Karanr93,https://github.com/Karanr93,https://github.com/Karanr93/Intel-Examples
IoT-JumpWay-Intel-Examples,DrBoltzmann/IoT-JumpWay-Intel-Examples,DrBoltzmann,https://github.com/DrBoltzmann,https://github.com/DrBoltzmann/IoT-JumpWay-Intel-Examples
IoT-JumpWay-Intel-Examples,trendsdigital/IoT-JumpWay-Intel-Examples,trendsdigital,https://github.com/trendsdigital,https://github.com/trendsdigital/IoT-JumpWay-Intel-Examples
IoT-JumpWay-Intel-Examples,b3rday/IoT-JumpWay-Intel-Examples,b3rday,https://github.com/b3rday,https://github.com/b3rday/IoT-JumpWay-Intel-Examples
IoT-JumpWay-Intel-Examples,amita-kapoor/IoT-JumpWay-Intel-Examples,amita-kapoor,https://github.com/amita-kapoor,https://github.com/amita-kapoor/IoT-JumpWay-Intel-Examples
Adam-AI-IoT-JumpWay-Intel-Examples,ngesa254/Adam-AI-IoT-JumpWay-Intel-Examples,ngesa254,https://github.com/ngesa254,https://github.com/ngesa254/Adam-AI-IoT-JumpWay-Intel-Examples
IoT-JumpWay-Intel-Examples,AdamMiltonBarker/IoT-JumpWay-Intel-Examples,AdamMiltonBarker,https://github.com/AdamMiltonBarker,https://github.com/AdamMiltonBarker/IoT-JumpWay-Intel-Examples
IoT-JumpWay-Intel-Examples,sandipan144/IoT-JumpWay-Intel-Examples,sandipan144,https://github.com/sandipan144,https://github.com/sandipan144/IoT-JumpWay-Intel-Examples
IoT-JumpWay-Intel-Examples,hoardboard/IoT-JumpWay-Intel-Examples,hoardboard,https://github.com/hoardboard,https://github.com/hoardboard/IoT-JumpWay-Intel-Examples
IoT-JumpWay-Intel-Examples,kathu/IoT-JumpWay-Intel-Examples,kathu,https://github.com/kathu,https://github.com/kathu/IoT-JumpWay-Intel-Examples
IoT-JumpWay-Intel-Examples,Sayantanmukherjee6/IoT-JumpWay-Intel-Examples,Sayantanmukherjee6,https://github.com/Sayantanmukherjee6,https://github.com/Sayantanmukherjee6/IoT-JumpWay-Intel-Examples
virtual-shields-universal,muskanmahajan37/virtual-shields-universal,muskanmahajan37,https://github.com/muskanmahajan37,https://github.com/muskanmahajan37/virtual-shields-universal
virtual-shields-universal,STymch/virtual-shields-universal,STymch,https://github.com/STymch,https://github.com/STymch/virtual-shields-universal
virtual-shields-universal,UNIVERSAL-IT-SYSTEMS/virtual-shields-universal,UNIVERSAL-IT-SYSTEMS,https://github.com/UNIVERSAL-IT-SYSTEMS,https://github.com/UNIVERSAL-IT-SYSTEMS/virtual-shields-universal
virtual-shields-universal,CNXTEoEorg/virtual-shields-universal,CNXTEoEorg,https://github.com/CNXTEoEorg,https://github.com/CNXTEoEorg/virtual-shields-universal
virtual-shields-universal,Leeway213/virtual-shields-universal,Leeway213,https://github.com/Leeway213,https://github.com/Leeway213/virtual-shields-universal
virtual-shields-universal,shivam11/virtual-shields-universal,shivam11,https://github.com/shivam11,https://github.com/shivam11/virtual-shields-universal
virtual-shields-universal,jrtorres42/virtual-shields-universal,jrtorres42,https://github.com/jrtorres42,https://github.com/jrtorres42/virtual-shields-universal
virtual-shields-universal,LSUPERMAN735/virtual-shields-universal,LSUPERMAN735,https://github.com/LSUPERMAN735,https://github.com/LSUPERMAN735/virtual-shields-universal
virtual-shields-universal,zafields/virtual-shields-universal,zafields,https://github.com/zafields,https://github.com/zafields/virtual-shields-universal
virtual-shields-universal,gnicolasarroyo/virtual-shields-universal,gnicolasarroyo,https://github.com/gnicolasarroyo,https://github.com/gnicolasarroyo/virtual-shields-universal
virtual-shields-universal,AmadeusW/virtual-shields-universal,AmadeusW,https://github.com/AmadeusW,https://github.com/AmadeusW/virtual-shields-universal
virtual-shields-universal,CRDeveloper/virtual-shields-universal,CRDeveloper,https://github.com/CRDeveloper,https://github.com/CRDeveloper/virtual-shields-universal
virtual-shields-universal,mwmckee/virtual-shields-universal,mwmckee,https://github.com/mwmckee,https://github.com/mwmckee/virtual-shields-universal
virtual-shields-universal,TechEdge01/virtual-shields-universal,TechEdge01,https://github.com/TechEdge01,https://github.com/TechEdge01/virtual-shields-universal
virtual-shields-universal,mikoskinen/virtual-shields-universal,mikoskinen,https://github.com/mikoskinen,https://github.com/mikoskinen/virtual-shields-universal
virtual-shields-universal,iot-alex/virtual-shields-universal,iot-alex,https://github.com/iot-alex,https://github.com/iot-alex/virtual-shields-universal
virtual-shields-universal,dbbevan/virtual-shields-universal,dbbevan,https://github.com/dbbevan,https://github.com/dbbevan/virtual-shields-universal
virtual-shields-universal,devinvalenciano/virtual-shields-universal,devinvalenciano,https://github.com/devinvalenciano,https://github.com/devinvalenciano/virtual-shields-universal
virtual-shields-universal,beni55/virtual-shields-universal,beni55,https://github.com/beni55,https://github.com/beni55/virtual-shields-universal
virtual-shields-universal,Creatrixino/virtual-shields-universal,Creatrixino,https://github.com/Creatrixino,https://github.com/Creatrixino/virtual-shields-universal
virtual-shields-universal,AndreyAyres/virtual-shields-universal,AndreyAyres,https://github.com/AndreyAyres,https://github.com/AndreyAyres/virtual-shields-universal
virtual-shields-universal,superlime/virtual-shields-universal,superlime,https://github.com/superlime,https://github.com/superlime/virtual-shields-universal
virtual-shields-universal,miguelbeltran/virtual-shields-universal,miguelbeltran,https://github.com/miguelbeltran,https://github.com/miguelbeltran/virtual-shields-universal
virtual-shields-universal,freaking1/virtual-shields-universal,freaking1,https://github.com/freaking1,https://github.com/freaking1/virtual-shields-universal
virtual-shields-universal,Foxman13/virtual-shields-universal,Foxman13,https://github.com/Foxman13,https://github.com/Foxman13/virtual-shields-universal
virtual-shields-universal,satishkrr/virtual-shields-universal,satishkrr,https://github.com/satishkrr,https://github.com/satishkrr/virtual-shields-universal
virtual-shields-universal,brunolewin/virtual-shields-universal,brunolewin,https://github.com/brunolewin,https://github.com/brunolewin/virtual-shields-universal
virtual-shields-universal,sdelavega/virtual-shields-universal,sdelavega,https://github.com/sdelavega,https://github.com/sdelavega/virtual-shields-universal
virtual-shields-universal,JimGaleForce/virtual-shields-universal,JimGaleForce,https://github.com/JimGaleForce,https://github.com/JimGaleForce/virtual-shields-universal
virtual-shields-universal,MikaelSoderstrom/virtual-shields-universal,MikaelSoderstrom,https://github.com/MikaelSoderstrom,https://github.com/MikaelSoderstrom/virtual-shields-universal
cli-tools,MrKevinWeiss/cli-tools,MrKevinWeiss,https://github.com/MrKevinWeiss,https://github.com/MrKevinWeiss/cli-tools
cli-tools,miri64/cli-tools,miri64,https://github.com/miri64,https://github.com/miri64/cli-tools
cli-tools,rodrigoieh/cli-tools,rodrigoieh,https://github.com/rodrigoieh,https://github.com/rodrigoieh/cli-tools
cli-tools,audeoudh/cli-tools,audeoudh,https://github.com/audeoudh,https://github.com/audeoudh/cli-tools
cli-tools,rienafairefr/cli-tools,rienafairefr,https://github.com/rienafairefr,https://github.com/rienafairefr/cli-tools
cli-tools,dadada/cli-tools,dadada,https://github.com/dadada,https://github.com/dadada/cli-tools
cli-tools,aabadie/cli-tools,aabadie,https://github.com/aabadie,https://github.com/aabadie/cli-tools
cli-tools,cgundogan/cli-tools,cgundogan,https://github.com/cgundogan,https://github.com/cgundogan/cli-tools
cli-tools,OlegHahm/cli-tools,OlegHahm,https://github.com/OlegHahm,https://github.com/OlegHahm/cli-tools
cli-tools,adjih/cli-tools,adjih,https://github.com/adjih,https://github.com/adjih/cli-tools
cli-tools,cloud-hot/cli-tools,cloud-hot,https://github.com/cloud-hot,https://github.com/cloud-hot/cli-tools
cli-tools,awe00/cli-tools,awe00,https://github.com/awe00,https://github.com/awe00/cli-tools
cylon-joystick,tt-52101/cylon-joystick,tt-52101,https://github.com/tt-52101,https://github.com/tt-52101/cylon-joystick
cylon-joystick,allai5/cylon-joystick,allai5,https://github.com/allai5,https://github.com/allai5/cylon-joystick
cylon-joystick,pb2bee/cylon-joystick,pb2bee,https://github.com/pb2bee,https://github.com/pb2bee/cylon-joystick
cylon-joystick,acklenx/cylon-joystick,acklenx,https://github.com/acklenx,https://github.com/acklenx/cylon-joystick
cylon-joystick,nvdnkpr/cylon-joystick,nvdnkpr,https://github.com/nvdnkpr,https://github.com/nvdnkpr/cylon-joystick
cylon-joystick,dashby3000/cylon-joystick,dashby3000,https://github.com/dashby3000,https://github.com/dashby3000/cylon-joystick
cylon-joystick,jaywengrow/cylon-joystick,jaywengrow,https://github.com/jaywengrow,https://github.com/jaywengrow/cylon-joystick
cylon-joystick,jiraiya972/cylon-joystick,jiraiya972,https://github.com/jiraiya972,https://github.com/jiraiya972/cylon-joystick
cylon-joystick,neocotic/cylon-joystick,neocotic,https://github.com/neocotic,https://github.com/neocotic/cylon-joystick
cylon-joystick,juliancheal/cylon-joystick,juliancheal,https://github.com/juliancheal,https://github.com/juliancheal/cylon-joystick
iris-riot,jasonatran/iris-riot,jasonatran,https://github.com/jasonatran,https://github.com/jasonatran/iris-riot
cylon-awsiot,javierder/cylon-awsiot,javierder,https://github.com/javierder,https://github.com/javierder/cylon-awsiot
cylon-mqtt,haydockjp/cylon-mqtt,haydockjp,https://github.com/haydockjp,https://github.com/haydockjp/cylon-mqtt
cylon-mqtt,mortenf/cylon-mqtt,mortenf,https://github.com/mortenf,https://github.com/mortenf/cylon-mqtt
cylon-mqtt,k33g/cylon-mqtt,k33g,https://github.com/k33g,https://github.com/k33g/cylon-mqtt
cylon-mqtt,cmmakerclub/cylon-mqtt,cmmakerclub,https://github.com/cmmakerclub,https://github.com/cmmakerclub/cylon-mqtt
Bipedal_Robot,mleung123/Bipedal_Robot,mleung123,https://github.com/mleung123,https://github.com/mleung123/Bipedal_Robot
gobot,hookttg/gobot,hookttg,https://github.com/hookttg,https://github.com/hookttg/gobot
gobot,JenaBernhard/gobot,JenaBernhard,https://github.com/JenaBernhard,https://github.com/JenaBernhard/gobot
gobot,thienohs/gobot,thienohs,https://github.com/thienohs,https://github.com/thienohs/gobot
gobot,SunnyMoen/gobot,SunnyMoen,https://github.com/SunnyMoen,https://github.com/SunnyMoen/gobot
gobot,hell-walker/gobot,hell-walker,https://github.com/hell-walker,https://github.com/hell-walker/gobot
gobot,pacificbrian/gobot,pacificbrian,https://github.com/pacificbrian,https://github.com/pacificbrian/gobot
gobot,ZealousAdventure/gobot,ZealousAdventure,https://github.com/ZealousAdventure,https://github.com/ZealousAdventure/gobot
gobot,nontypical-eu/gobot,nontypical-eu,https://github.com/nontypical-eu,https://github.com/nontypical-eu/gobot
gobot,zangoon/gobot,zangoon,https://github.com/zangoon,https://github.com/zangoon/gobot
gobot,smoonthsky/gobot,smoonthsky,https://github.com/smoonthsky,https://github.com/smoonthsky/gobot
gobot,codacy-demo/gobot,codacy-demo,https://github.com/codacy-demo,https://github.com/codacy-demo/gobot
gobot,Speshl/gobot,Speshl,https://github.com/Speshl,https://github.com/Speshl/gobot
gobot,FearlessJumper/gobot,FearlessJumper,https://github.com/FearlessJumper,https://github.com/FearlessJumper/gobot
gobot,mojosa-software/gobot,mojosa-software,https://github.com/mojosa-software,https://github.com/mojosa-software/gobot
gobot,mjdusa/gobot,mjdusa,https://github.com/mjdusa,https://github.com/mjdusa/gobot
gobot,huiguyy/gobot,huiguyy,https://github.com/huiguyy,https://github.com/huiguyy/gobot
gobot,renzoro1/gobot,renzoro1,https://github.com/renzoro1,https://github.com/renzoro1/gobot
gobot,gassman/gobot,gassman,https://github.com/gassman,https://github.com/gassman/gobot
gobot,ag-go/gobot,ag-go,https://github.com/ag-go,https://github.com/ag-go/gobot
gobot,joeyberkovitz/gobot,joeyberkovitz,https://github.com/joeyberkovitz,https://github.com/joeyberkovitz/gobot
gobot,chncaption/gobot,chncaption,https://github.com/chncaption,https://github.com/chncaption/gobot
gobot,sujunbo/gobot,sujunbo,https://github.com/sujunbo,https://github.com/sujunbo/gobot
gobot,chaobingya/gobot,chaobingya,https://github.com/chaobingya,https://github.com/chaobingya/gobot
gobot,mwittig/gobot,mwittig,https://github.com/mwittig,https://github.com/mwittig/gobot
gobot,xeronith/gobot,xeronith,https://github.com/xeronith,https://github.com/xeronith/gobot
gobot,ahmedosama07/gobot,ahmedosama07,https://github.com/ahmedosama07,https://github.com/ahmedosama07/gobot
gobot,gilesfermin691/gobot,gilesfermin691,https://github.com/gilesfermin691,https://github.com/gilesfermin691/gobot
gobot,antyiwei/gobot,antyiwei,https://github.com/antyiwei,https://github.com/antyiwei/gobot
gobot,weixiao007/gobot,weixiao007,https://github.com/weixiao007,https://github.com/weixiao007/gobot
gobot,ncutctcd/gobot,ncutctcd,https://github.com/ncutctcd,https://github.com/ncutctcd/gobot
johnny-five,bug-buster2516/johnny-five,bug-buster2516,https://github.com/bug-buster2516,https://github.com/bug-buster2516/johnny-five
johnny-five,RaeSchultz/johnny-five,RaeSchultz,https://github.com/RaeSchultz,https://github.com/RaeSchultz/johnny-five
johnny-five,MosheRenner/johnny-five,MosheRenner,https://github.com/MosheRenner,https://github.com/MosheRenner/johnny-five
johnny-five,hujiese/johnny-five,hujiese,https://github.com/hujiese,https://github.com/hujiese/johnny-five
johnny-five,IleneHuel/johnny-five,IleneHuel,https://github.com/IleneHuel,https://github.com/IleneHuel/johnny-five
johnny-five,MISTERNEGATIVE21/johnny-five,MISTERNEGATIVE21,https://github.com/MISTERNEGATIVE21,https://github.com/MISTERNEGATIVE21/johnny-five
johnny-five,BetsyStroman/johnny-five,BetsyStroman,https://github.com/BetsyStroman,https://github.com/BetsyStroman/johnny-five
johnny-five,coderbuggy/johnny-five,coderbuggy,https://github.com/coderbuggy,https://github.com/coderbuggy/johnny-five
johnny-five,sr4p/johnny-five,sr4p,https://github.com/sr4p,https://github.com/sr4p/johnny-five
johnny-five,happinov/johnny-five,happinov,https://github.com/happinov,https://github.com/happinov/johnny-five
johnny-five,Donwilliams501/johnny-five,Donwilliams501,https://github.com/Donwilliams501,https://github.com/Donwilliams501/johnny-five
johnny-five,MosesMuiru/johnny-five,MosesMuiru,https://github.com/MosesMuiru,https://github.com/MosesMuiru/johnny-five
johnny-five,3glucealWlumfu/johnny-five,3glucealWlumfu,https://github.com/3glucealWlumfu,https://github.com/3glucealWlumfu/johnny-five
johnny-five,Folajomi1/johnny-five,Folajomi1,https://github.com/Folajomi1,https://github.com/Folajomi1/johnny-five
johnny-five,Necadurick/johnny-five,Necadurick,https://github.com/Necadurick,https://github.com/Necadurick/johnny-five
johnny-five,renzoro1/johnny-five,renzoro1,https://github.com/renzoro1,https://github.com/renzoro1/johnny-five
johnny-five,lmarkrol/johnny-five,lmarkrol,https://github.com/lmarkrol,https://github.com/lmarkrol/johnny-five
johnny-five,mikenoel1/johnny-five,mikenoel1,https://github.com/mikenoel1,https://github.com/mikenoel1/johnny-five
johnny-five,alitahir6001/johnny-five,alitahir6001,https://github.com/alitahir6001,https://github.com/alitahir6001/johnny-five
johnny-five,thompsoncarlos/johnny-five,thompsoncarlos,https://github.com/thompsoncarlos,https://github.com/thompsoncarlos/johnny-five
johnny-five,eliandoran/johnny-five,eliandoran,https://github.com/eliandoran,https://github.com/eliandoran/johnny-five
johnny-five,Mwendwa88/johnny-five,Mwendwa88,https://github.com/Mwendwa88,https://github.com/Mwendwa88/johnny-five
johnny-five,9apveVtecwa/johnny-five,9apveVtecwa,https://github.com/9apveVtecwa,https://github.com/9apveVtecwa/johnny-five
johnny-five,gilesfermin691/johnny-five,gilesfermin691,https://github.com/gilesfermin691,https://github.com/gilesfermin691/johnny-five
johnny-five,poiuyip72/johnny-five,poiuyip72,https://github.com/poiuyip72,https://github.com/poiuyip72/johnny-five
johnny-five,zhou1591/johnny-five,zhou1591,https://github.com/zhou1591,https://github.com/zhou1591/johnny-five
johnny-five,Su-sid/johnny-five,Su-sid,https://github.com/Su-sid,https://github.com/Su-sid/johnny-five
johnny-five,Cass-dev-web/johnny-five,Cass-dev-web,https://github.com/Cass-dev-web,https://github.com/Cass-dev-web/johnny-five
johnny-five,echavet/johnny-five,echavet,https://github.com/echavet,https://github.com/echavet/johnny-five
johnny-five,fangjunai/johnny-five,fangjunai,https://github.com/fangjunai,https://github.com/fangjunai/johnny-five
